strike,bid,implied_volatility,last_price,volume,open_interest,expiration,days_to_expiration,rentabilidad_diaria,rentabilidad_anual,break_even,percent_diff,underlying_price,historical_volatility,ticker,grupo,alerta_excluida_por,fecha_ejecucion,iv_minus_hv
35.0,1.27,97.6562734375,1.31,880.0,713.0,2025-06-27,11,3.414125618973156,204.63963459387355,33.69,12.197028928850663,38.37,72.67,ASTS,Shortlist_ruben,,2025-06-15 15:51:45,24.986273437500003
35.0,1.27,97.6562734375,1.31,880.0,713.0,2025-06-27,11,3.414125618973156,204.63963459387355,33.69,12.197028928850663,38.37,72.67,ASTS,Shortlist_ruben,,2025-06-15 16:03:58,24.986273437500003
35.0,1.27,97.6562734375,1.31,880.0,713.0,2025-06-27,11,3.414125618973156,204.63963459387355,33.69,12.197028928850663,38.37,72.67,ASTS,Shortlist_ruben,,2025-06-15 16:14:14,24.986273437500003
35.0,1.27,97.6562734375,1.31,880.0,713.0,2025-06-27,11,3.414125618973156,204.63963459387355,33.69,12.197028928850663,38.37,72.67,ASTS,Shortlist_ruben,,2025-06-15 16:17:37,24.986273437500003
35.0,1.27,97.6562734375,1.31,880.0,713.0,2025-06-27,11,3.414125618973156,204.63963459387355,33.69,12.197028928850663,38.37,72.67,ASTS,Shortlist_ruben,,2025-06-15 18:45:56,24.986273437500003
35.0,1.27,97.6562734375,1.31,880.0,713.0,2025-06-27,11,3.414125618973156,204.63963459387355,33.69,12.197028928850663,38.37,72.67,ASTS,Shortlist_ruben,,2025-06-15 18:51:18,24.986273437500003
35.0,1.27,97.6562734375,1.31,880.0,713.0,2025-06-27,11,3.414125618973156,204.63963459387355,33.69,12.197028928850663,38.37,72.67,ASTS,Shortlist_ruben,,2025-06-15 18:59:04,24.986273437500003
35.0,1.27,97.6562734375,1.31,880.0,713.0,2025-06-27,11,3.414125618973156,204.63963459387355,33.69,12.197028928850663,38.37,72.67,ASTS,Shortlist_ruben,,2025-06-15 19:20:07,24.986273437500003
35.0,1.27,97.6562734375,1.31,880.0,713.0,2025-06-27,11,3.414125618973156,204.63963459387355,33.69,12.197028928850663,38.37,72.67,ASTS,Shortlist_ruben,,2025-06-15 20:20:10,24.986273437500003
35.0,1.27,97.6562734375,1.31,880.0,713.0,2025-06-27,11,3.414125618973156,204.63963459387355,33.69,12.197028928850663,38.37,72.67,ASTS,Shortlist_ruben,,2025-06-15 20:35:55,24.986273437500003
39.0,2.2,96.289099609375,2.36,637.0,748.0,2025-07-03,16,5.710206995003569,254.95010690168667,36.64,11.346616823334427,41.3295,70.71,ASTS,Shortlist_ruben,,2025-06-16 16:16:47,25.579099609375007
39.0,2.13,92.773509765625,2.22,653.0,748.0,2025-07-03,16,5.36620739666425,229.51448022298385,36.78,11.094996374184184,41.37,70.85,ASTS,Shortlist_ruben,,2025-06-16 19:21:08,21.923509765625
38.0,1.76,101.172369140625,1.87,371.0,703.0,2025-06-27,9,4.675,537.8853888841834,36.13,9.674999999999994,40.0,74.39,ASTS,Shortlist_ruben,,2025-06-17 19:22:10,26.782369140624994
39.0,1.13,100.0005,1.13,428.0,555.0,2025-06-27,8,2.6389537599252684,228.1858677078215,37.87,11.560018682858484,42.82,75.58,ASTS,Shortlist_ruben,,2025-06-18 16:16:24,24.420500000000004
43.0,1.58,89.45323046875,1.54,620.0,523.0,2025-07-03,10,3.352198519808446,233.17296899174687,41.46,9.751850239442746,45.94,78.06,ASTS,Shortlist_ruben,,2025-06-22 13:43:29,11.39323046874999
40.0,1.76,88.91612646484374,1.83,999.0,1403.0,2025-07-18,25,3.983456682629517,76.87972574711945,38.17,16.913365259033515,45.94,78.06,ASTS,Shortlist_ruben,,2025-06-22 13:43:29,10.85612646484374
43.0,1.58,89.45323046875,1.54,620.0,523.0,2025-07-03,10,3.352198519808446,233.17296899174687,41.46,9.751850239442746,45.94,78.06,ASTS,Shortlist_ruben,,2025-06-22 16:14:44,11.39323046874999
40.0,1.76,88.91612646484374,1.83,999.0,1403.0,2025-07-18,25,3.983456682629517,76.87972574711945,38.17,16.913365259033515,45.94,78.06,ASTS,Shortlist_ruben,,2025-06-22 16:14:44,10.85612646484374
46.0,4.05,88.76964355468748,3.85,355.0,11027.0,2025-07-18,24,8.284914998924037,235.5220431106834,42.15,9.296320206584896,46.47,78.11,ASTS,Shortlist_ruben,,2025-06-23 16:16:44,10.659643554687477
46.0,1.07,110.54732226562504,1.09,1272.0,580.0,2025-06-27,3,2.214097095267114,1335.975160381365,44.91,8.775137111517369,49.23,79.36,ASTS,Shortlist_ruben,,2025-06-23 19:21:56,31.187322265625042
47.0,2.21,98.242205078125,2.24,526.0,568.0,2025-07-03,9,4.550071094860858,507.7277106128879,44.76,9.07982937233394,49.23,79.36,ASTS,Shortlist_ruben,,2025-06-23 19:21:56,18.882205078124997
47.0,3.8,96.2646857910156,3.86,308.0,5047.0,2025-07-18,24,7.84074751167987,215.1904949379941,43.14,12.370505789152949,49.23,79.36,ASTS,Shortlist_ruben,,2025-06-23 19:21:56,16.904685791015595
46.0,1.89,92.57819921875,1.93,151.0,11196.0,2025-07-18,23,3.6027694656887546,75.36256064727755,44.07,17.733652666889423,53.5699,81.08,ASTS,Shortlist_ruben,,2025-06-24 19:22:17,11.498199218750003
49.0,1.96,96.97268652343747,2.16,154.0,511.0,2025-07-03,7,4.209295527623502,758.408453508436,46.84,8.72064698431257,51.315,81.6,ASTS,Shortlist_ruben,,2025-06-25 16:17:28,15.37268652343748
47.0,4.4,109.13131372070316,4.3,5675.0,5097.0,2025-07-18,17,9.059077828012354,543.6080285661832,42.7,10.041250405551736,47.4662,85.94,ASTS,Shortlist_ruben,,2025-06-30 16:16:24,23.191313720703164
46.0,3.8,99.07227490234376,3.85,11388.0,11241.0,2025-07-18,17,8.26268912973495,449.89571918612097,42.15,9.539650177057624,46.595,87.25,ASTS,Shortlist_ruben,,2025-06-30 19:21:46,11.822274902343764
45.0,3.3,97.90041162109377,3.35,14278.0,15757.0,2025-07-18,17,7.189612619379762,344.0135623939886,41.65,10.612726687412811,46.595,87.25,ASTS,Shortlist_ruben,,2025-06-30 19:21:46,10.650411621093767
38.5,1.53,94.38482177734376,1.53,3802.0,3008.0,2025-08-01,24,3.3707865168539324,65.56436069570451,36.97,18.55034148490857,45.39,81.34,ASTS,Shortlist_ruben,,2025-07-07 16:16:39,13.044821777343756
55.0,4.65,100.26905334472656,4.76,203.0,794.0,2025-08-15,25,8.209727492238704,216.43756125777864,50.24,13.349430838220066,57.98,76.59,ASTS,Shortlist_ruben,,2025-07-20 13:48:17,23.679053344726555
50.0,2.58,99.75586181640624,2.65,762.0,1483.0,2025-08-15,25,4.570541566057261,92.03333105461948,47.35,18.333908244222137,57.98,76.59,ASTS,Shortlist_ruben,,2025-07-20 13:48:17,23.165861816406235
55.0,4.65,100.26905334472656,4.76,203.0,794.0,2025-08-15,25,8.209727492238704,216.43756125777864,50.24,13.349430838220066,57.98,76.59,ASTS,Shortlist_ruben,,2025-07-20 16:15:37,23.679053344726555
50.0,2.58,99.75586181640624,2.65,762.0,1483.0,2025-08-15,25,4.570541566057261,92.03333105461948,47.35,18.333908244222137,57.98,76.59,ASTS,Shortlist_ruben,,2025-07-20 16:15:37,23.165861816406235
55.0,4.65,100.26905334472656,4.76,203.0,794.0,2025-08-15,25,8.209727492238704,216.43756125777864,50.24,13.349430838220066,57.98,76.59,ASTS,Shortlist_ruben,,2025-07-20 19:21:43,23.679053344726555
50.0,2.58,99.75586181640624,2.65,762.0,1483.0,2025-08-15,25,4.570541566057261,92.03333105461948,47.35,18.333908244222137,57.98,76.59,ASTS,Shortlist_ruben,,2025-07-20 19:21:43,23.165861816406235
55.0,4.45,94.55571850585936,4.46,254.0,891.0,2025-08-15,24,7.779522065236351,212.4799725060734,50.54,11.843711843711842,57.33,77.15,ASTS,Shortlist_ruben,,2025-07-21 16:16:36,17.405718505859355
55.0,4.45,98.1445498046875,4.35,305.0,891.0,2025-08-15,24,7.506471095772216,200.6546822449547,50.65,12.597066436583267,57.95,76.81,ASTS,Shortlist_ruben,,2025-07-21 19:24:52,21.334549804687498
55.0,4.45,104.59032080078129,4.62,160.0,1171.0,2025-08-15,22,7.930690570889559,254.73574189791245,50.38,13.517707584109088,58.2547,72.71,ASTS,Shortlist_ruben,,2025-07-23 19:24:24,31.88032080078129
54.0,1.37,89.30674755859374,1.56,329.0,1184.0,2025-08-01,8,2.677895517443228,233.91524359886043,52.44,9.9815122213315,58.2547,72.71,ASTS,Shortlist_ruben,,2025-07-23 19:24:24,16.596747558593748
60.0,6.05,107.00730090332031,5.9,171.0,1198.0,2025-08-15,21,9.770638403577047,405.46203342067287,54.1,10.408213960420628,60.385,72.86,ASTS,Shortlist_ruben,,2025-07-24 19:24:37,34.147300903320314
62.5,1.41,54.297332031250015,1.39,181.0,1703.0,2025-08-15,16,2.085521380345086,60.13811018972228,61.11,8.312078019504884,66.65,39.79,AFRM,zacks_rank1,,2025-07-29 16:16:55,14.507332031250016
50.0,2.97,99.16993017578125,2.98,183.0,2309.0,2025-08-15,16,5.573218627267627,244.6039088004654,47.02,12.062838975126231,53.47,77.24,ASTS,Shortlist_ruben,,2025-07-29 19:26:35,21.92993017578125
63.0,1.74,61.57264990234376,2.14,419.0,532.0,2025-08-22,22,3.115899825276645,66.37360013335626,60.86,11.386138613861396,68.68,39.09,AFRM,zacks_rank1,,2025-07-30 16:18:19,22.48264990234376
50.0,2.49,92.62702685546876,2.55,706.0,2380.0,2025-08-15,15,4.753471898592599,209.57439354438847,47.45,11.54814055363967,53.645,75.79,ASTS,Shortlist_ruben,,2025-07-30 19:25:04,16.83702685546875
45.0,1.05,94.48247705078124,1.0,166.0,1939.0,2025-08-15,15,1.8641066268990585,56.74080141392031,44.0,17.979308416441427,53.645,75.79,ASTS,Shortlist_ruben,,2025-07-30 19:25:04,18.692477050781235
63.0,2.02,55.42036767578126,2.14,419.0,532.0,2025-08-22,22,3.205992509363296,68.8017692075135,60.86,8.823970037453185,66.75,39.61,AFRM,zacks_rank1,,2025-07-30 19:25:07,15.810367675781258
50.0,2.81,101.5629921875,2.87,504.0,2671.0,2025-08-15,14,5.3654888764255,290.6423855664548,47.13,11.890072910824452,53.49,70.99,ASTS,Shortlist_ruben,,2025-07-31 19:25:47,30.572992187500006
45.0,1.18,101.172369140625,1.24,1215.0,1915.0,2025-08-15,14,2.318190315946906,81.75443809924658,43.76,18.19031594690597,53.49,70.99,ASTS,Shortlist_ruben,,2025-07-31 19:25:47,30.182369140625
50.0,3.0,113.81879028320311,3.0,162.0,2941.0,2025-08-15,13,5.559673832468495,356.8279328851937,47.0,12.898443291326911,53.96,70.68,ASTS,Shortlist_ruben,,2025-08-01 16:17:33,43.13879028320311
50.0,1.17,90.57626611328124,1.18,405.0,769.0,2025-08-08,6,2.1868050407709414,272.83636360019875,48.82,9.525574499629355,53.96,70.68,ASTS,Shortlist_ruben,,2025-08-01 16:17:33,19.89626611328123
45.0,1.29,111.47505200195312,1.34,276.0,2736.0,2025-08-15,13,2.4833209785025945,99.11721290564526,43.66,19.088213491475177,53.96,70.68,ASTS,Shortlist_ruben,,2025-08-01 16:17:33,40.79505200195311
63.0,2.05,58.8871298828125,2.23,421.0,529.0,2025-08-22,20,3.338823177122324,82.09963894508616,60.77,9.013325348106008,66.79,39.63,AFRM,zacks_rank1,,2025-08-01 16:17:34,19.2571298828125
50.0,3.25,109.375453125,3.15,243.0,2941.0,2025-08-15,13,5.974395448079658,409.99400483431134,46.85,11.142721669037458,52.725,70.73,ASTS,Shortlist_ruben,,2025-08-01 19:24:05,38.645453125
45.0,1.41,107.51999365234376,1.43,405.0,2736.0,2025-08-15,13,2.712185870080607,111.98698937142098,43.57,17.363679468942628,52.725,70.73,ASTS,Shortlist_ruben,,2025-08-01 19:24:05,36.78999365234375
63.0,2.25,59.6683720703125,2.23,421.0,529.0,2025-08-22,20,3.356411800120409,82.66611029314129,60.77,8.534015653220942,66.44,40.0,AFRM,zacks_rank1,,2025-08-01 19:24:06,19.6683720703125
50.0,3.2,111.328568359375,3.25,344.0,2941.0,2025-08-15,12,6.195196340068623,522.3335239324082,46.75,10.884483415935954,52.46,70.83,ASTS,Shortlist_ruben,,2025-08-02 13:47:19,40.498568359375
46.0,1.66,108.54537915039062,1.7,207.0,501.0,2025-08-15,12,3.240564239420511,163.80442129845272,44.3,15.55470834921846,52.46,70.83,ASTS,Shortlist_ruben,,2025-08-02 13:47:19,37.71537915039062
63.0,2.14,59.61954443359375,2.23,421.0,529.0,2025-08-22,19,3.35792802288812,88.60441015357377,60.77,8.492696882999539,66.41,40.04,AFRM,zacks_rank1,,2025-08-02 13:47:20,19.579544433593753
50.0,3.2,111.328568359375,3.25,344.0,2941.0,2025-08-15,12,6.195196340068623,522.3335239324082,46.75,10.884483415935954,52.46,70.83,ASTS,Shortlist_ruben,,2025-08-02 16:15:12,40.498568359375
46.0,1.66,108.54537915039062,1.7,207.0,501.0,2025-08-15,12,3.240564239420511,163.80442129845272,44.3,15.55470834921846,52.46,70.83,ASTS,Shortlist_ruben,,2025-08-02 16:15:12,37.71537915039062
63.0,2.14,59.61954443359375,2.23,421.0,529.0,2025-08-22,19,3.35792802288812,88.60441015357377,60.77,8.492696882999539,66.41,40.04,AFRM,zacks_rank1,,2025-08-02 16:15:13,19.579544433593753
50.0,3.2,111.328568359375,3.25,344.0,2941.0,2025-08-15,12,6.195196340068623,522.3335239324082,46.75,10.884483415935954,52.46,70.83,ASTS,Shortlist_ruben,,2025-08-02 19:22:11,40.498568359375
46.0,1.66,108.54537915039062,1.7,207.0,501.0,2025-08-15,12,3.240564239420511,163.80442129845272,44.3,15.55470834921846,52.46,70.83,ASTS,Shortlist_ruben,,2025-08-02 19:22:11,37.71537915039062
63.0,2.14,59.61954443359375,2.23,421.0,529.0,2025-08-22,19,3.35792802288812,88.60441015357377,60.77,8.492696882999539,66.41,40.04,AFRM,zacks_rank1,,2025-08-02 19:22:12,19.579544433593753
50.0,3.2,115.52776611328125,3.25,344.0,2941.0,2025-08-15,11,6.195196340068623,634.8642551191803,46.75,10.884483415935954,52.46,70.83,ASTS,Shortlist_ruben,,2025-08-03 13:49:39,44.69776611328125
46.0,1.66,112.64692114257817,1.7,207.0,501.0,2025-08-15,11,3.240564239420511,188.12466642846536,44.3,15.55470834921846,52.46,70.83,ASTS,Shortlist_ruben,,2025-08-03 13:49:39,41.81692114257817
63.0,2.14,61.08437353515627,2.23,421.0,529.0,2025-08-22,18,3.35792802288812,95.37108097225962,60.77,8.492696882999539,66.41,40.04,AFRM,zacks_rank1,,2025-08-03 13:49:41,21.044373535156268
50.0,3.2,115.52776611328125,3.25,344.0,2941.0,2025-08-15,11,6.195196340068623,634.8642551191803,46.75,10.884483415935954,52.46,70.83,ASTS,Shortlist_ruben,,2025-08-03 16:15:28,44.69776611328125
46.0,1.66,112.64692114257817,1.7,207.0,501.0,2025-08-15,11,3.240564239420511,188.12466642846536,44.3,15.55470834921846,52.46,70.83,ASTS,Shortlist_ruben,,2025-08-03 16:15:28,41.81692114257817
63.0,2.14,61.08437353515627,2.23,421.0,529.0,2025-08-22,18,3.35792802288812,95.37108097225962,60.77,8.492696882999539,66.41,40.04,AFRM,zacks_rank1,,2025-08-03 16:15:29,21.044373535156268
50.0,3.2,115.52776611328125,3.25,344.0,2941.0,2025-08-15,11,6.195196340068623,634.8642551191803,46.75,10.884483415935954,52.46,70.83,ASTS,Shortlist_ruben,,2025-08-03 19:22:53,44.69776611328125
46.0,1.66,112.64692114257817,1.7,207.0,501.0,2025-08-15,11,3.240564239420511,188.12466642846536,44.3,15.55470834921846,52.46,70.83,ASTS,Shortlist_ruben,,2025-08-03 19:22:53,41.81692114257817
63.0,2.14,61.08437353515627,2.23,421.0,529.0,2025-08-22,18,3.35792802288812,95.37108097225962,60.77,8.492696882999539,66.41,40.04,AFRM,zacks_rank1,,2025-08-03 19:22:54,21.044373535156268
50.0,3.5,110.15669921875002,3.51,167.0,2988.0,2025-08-15,10,6.894519740718916,1039.9179037936744,46.49,8.681987821646032,50.91,66.67,ASTS,Shortlist_ruben,,2025-08-04 19:26:43,43.48669921875002
45.0,1.45,107.42233789062504,1.51,332.0,2731.0,2025-08-15,10,2.9660184639560008,190.6217171050409,43.49,14.574739736790404,50.91,66.67,ASTS,Shortlist_ruben,,2025-08-04 19:26:43,40.75233789062504
50.0,2.75,116.30901220703124,2.9,205.0,3064.0,2025-08-15,8,5.535407520519183,1068.2680152264868,47.1,10.097346821912575,52.39,61.48,ASTS,Shortlist_ruben,,2025-08-06 16:18:27,54.82901220703125
50.0,2.86,120.3128984375,2.86,319.0,3064.0,2025-08-15,8,5.446063029610587,1023.9852300809684,47.14,10.235170903551364,52.515,61.47,ASTS,Shortlist_ruben,,2025-08-06 19:26:26,58.8428984375
48.0,2.11,120.94766088867183,2.1,251.0,547.0,2025-08-15,8,3.998857469294488,498.3129772914533,45.9,12.596401028277636,52.515,61.47,ASTS,Shortlist_ruben,,2025-08-06 19:26:26,59.477660888671835
45.0,1.18,120.50820996093748,1.16,249.0,3007.0,2025-08-15,8,2.2088926973245737,170.96997732775492,43.84,16.51908978387127,52.515,61.47,ASTS,Shortlist_ruben,,2025-08-06 19:26:26,59.03820996093748
90.0,2.0,136.81672216796875,2.0,226.0,1199.0,2025-08-08,1,2.066756226103131,174793.69057948794,88.0,9.062726051462226,96.77,34.97,FTNT,validea_top_nasdaq100,,2025-08-06 19:26:26,101.84672216796875
86.0,1.02,137.6956240234375,1.09,3039.0,3171.0,2025-08-08,1,1.1263821432262069,5863.918314451871,84.91,12.255864420791568,96.77,34.97,FTNT,validea_top_nasdaq100,,2025-08-06 19:26:26,102.72562402343749
46.0,2.7,133.0081474609375,2.9,151.0,620.0,2025-08-15,7,5.992973754908038,1979.7877351154932,43.1,10.932010746021902,48.39,64.81,ASTS,Shortlist_ruben,,2025-08-07 16:18:26,68.19814746093749
45.0,2.47,135.547197265625,2.52,462.0,2790.0,2025-08-15,7,5.207687538747675,1311.296730983039,42.48,12.213267203967767,48.39,64.81,ASTS,Shortlist_ruben,,2025-08-07 16:18:26,70.73719726562499
46.0,2.87,128.80894970703122,3.1,405.0,620.0,2025-08-15,7,6.478308116693138,2539.2092410108125,42.9,10.348574772214326,47.852,65.91,ASTS,Shortlist_ruben,,2025-08-07 19:26:26,62.89894970703122
45.0,2.47,130.07847460937495,2.56,3399.0,2790.0,2025-08-15,7,5.34982863830143,1414.233144153678,42.44,11.309872105659116,47.852,65.91,ASTS,Shortlist_ruben,,2025-08-07 19:26:26,64.16847460937495
44.0,1.94,128.41832666015625,2.14,8692.0,631.0,2025-08-15,7,4.472122377330101,878.8948876605209,41.86,12.52194265652428,47.852,65.91,ASTS,Shortlist_ruben,,2025-08-07 19:26:26,62.50832666015626
46.0,3.0,134.37532812499998,3.1,151.0,788.0,2025-08-15,6,6.542845082313212,4624.918254039456,42.9,9.45546644153652,47.38,65.87,ASTS,Shortlist_ruben,,2025-08-08 16:15:54,68.50532812499998
45.0,2.58,135.44954150390623,2.66,355.0,4749.0,2025-08-15,6,5.614183199662304,2673.979295646709,42.34,10.637399746728574,47.38,65.87,ASTS,Shortlist_ruben,,2025-08-08 16:15:54,69.57954150390623
44.0,2.16,135.4983693847656,2.21,188.0,9010.0,2025-08-15,6,4.664415365132967,1501.187990888953,41.79,11.79822710004222,47.38,65.87,ASTS,Shortlist_ruben,,2025-08-08 16:15:54,69.62836938476559
45.0,2.36,119.3363408203125,2.37,695.0,4749.0,2025-08-15,6,5.05707884348661,1910.8222757652652,42.63,9.036594473487677,46.865,66.03,ASTS,Shortlist_ruben,,2025-08-08 19:21:28,53.3063408203125
44.0,1.75,115.86956127929686,1.91,240.0,9010.0,2025-08-15,6,4.075536114371066,1035.9955135012233,42.09,10.18884028592766,46.865,66.03,ASTS,Shortlist_ruben,,2025-08-08 19:21:28,49.83956127929686
45.0,2.49,129.59019580078123,2.53,932.0,4749.0,2025-08-15,5,5.425691614840231,4632.5094459362645,42.47,8.92129530345272,46.63,66.16,ASTS,Shortlist_ruben,,2025-08-09 13:46:36,63.430195800781235
44.0,2.1,130.7620649414062,2.1,264.0,9010.0,2025-08-15,5,4.503538494531417,2392.084147910693,41.9,10.143684323396965,46.63,66.16,ASTS,Shortlist_ruben,,2025-08-09 13:46:36,64.60206494140621
45.0,2.49,129.59019580078123,2.53,932.0,4749.0,2025-08-15,5,5.425691614840231,4632.5094459362645,42.47,8.92129530345272,46.63,66.16,ASTS,Shortlist_ruben,,2025-08-09 16:15:20,63.430195800781235
44.0,2.1,130.7620649414062,2.1,264.0,9010.0,2025-08-15,5,4.503538494531417,2392.084147910693,41.9,10.143684323396965,46.63,66.16,ASTS,Shortlist_ruben,,2025-08-09 16:15:20,64.60206494140621
45.0,2.49,129.59019580078123,2.53,932.0,4749.0,2025-08-15,5,5.425691614840231,4632.5094459362645,42.47,8.92129530345272,46.63,66.16,ASTS,Shortlist_ruben,,2025-08-09 19:20:48,63.430195800781235
44.0,2.1,130.7620649414062,2.1,264.0,9010.0,2025-08-15,5,4.503538494531417,2392.084147910693,41.9,10.143684323396965,46.63,66.16,ASTS,Shortlist_ruben,,2025-08-09 19:20:48,64.60206494140621
45.0,2.49,139.99053442382814,2.53,932.0,4749.0,2025-08-15,4,5.425691614840231,12312.645772834978,42.47,8.92129530345272,46.63,66.16,ASTS,Shortlist_ruben,,2025-08-10 13:46:27,73.83053442382814
44.0,2.1,141.2112314453125,2.1,264.0,9010.0,2025-08-15,4,4.503538494531417,5468.053228577725,41.9,10.143684323396965,46.63,66.16,ASTS,Shortlist_ruben,,2025-08-10 13:46:27,75.05123144531251
45.0,2.49,139.99053442382814,2.53,932.0,4749.0,2025-08-15,4,5.425691614840231,12312.645772834978,42.47,8.92129530345272,46.63,66.16,ASTS,Shortlist_ruben,,2025-08-10 16:15:20,73.83053442382814
44.0,2.1,141.2112314453125,2.1,264.0,9010.0,2025-08-15,4,4.503538494531417,5468.053228577725,41.9,10.143684323396965,46.63,66.16,ASTS,Shortlist_ruben,,2025-08-10 16:15:20,75.05123144531251
45.0,2.49,139.99053442382814,2.53,932.0,4749.0,2025-08-15,4,5.425691614840231,12312.645772834978,42.47,8.92129530345272,46.63,66.16,ASTS,Shortlist_ruben,,2025-08-10 19:21:49,73.83053442382814
44.0,2.1,141.2112314453125,2.1,264.0,9010.0,2025-08-15,4,4.503538494531417,5468.053228577725,41.9,10.143684323396965,46.63,66.16,ASTS,Shortlist_ruben,,2025-08-10 19:21:49,75.05123144531251
45.0,2.39,150.09790576171875,2.45,722.0,5225.0,2025-08-15,3,5.244422182407426,50121.427046088414,42.55,8.918300464720023,46.7163,64.17,ASTS,Shortlist_ruben,,2025-08-11 16:17:18,85.92790576171875
44.0,1.97,150.1955615234375,1.94,519.0,9048.0,2025-08-15,3,4.152726136273635,14023.036772786478,42.06,9.967184901201495,46.7163,64.17,ASTS,Shortlist_ruben,,2025-08-11 16:17:18,86.0255615234375
44.0,2.06,141.11357568359378,2.15,1091.0,9048.0,2025-08-15,3,4.688437005942321,26263.94694162206,41.85,8.739028512239,45.8575,64.35,ASTS,Shortlist_ruben,,2025-08-11 19:24:14,76.76357568359379
43.0,1.74,143.5549697265625,1.8,2180.0,36757.0,2025-08-15,3,3.925203074742409,10723.655319811292,41.2,10.15646295589598,45.8575,64.35,ASTS,Shortlist_ruben,,2025-08-11 19:24:14,79.2049697265625
48.0,1.77,87.98840136718749,2.17,168.0,536.0,2025-08-22,8,4.312400635930048,586.4000043589197,45.83,8.922893481717015,50.32,67.63,ASTS,Shortlist_ruben,,2025-08-13 19:22:13,20.358401367187497
45.0,1.06,82.3243955078125,1.09,399.0,624.0,2025-08-22,7,2.2557947019867552,220.00462863742612,43.91,9.12665562913908,48.32,68.58,ASTS,Shortlist_ruben,,2025-08-14 19:21:43,13.744395507812499
42.0,1.52,91.1133701171875,1.45,1286.0,550.0,2025-08-29,8,3.2635606572135942,332.84883649991366,40.55,8.732838172406037,44.43,67.94,ASTS,Shortlist_ruben,,2025-08-20 16:16:39,23.173370117187503
40.0,1.01,99.1211025390625,1.05,384.0,987.0,2025-08-29,8,2.363268062120189,190.2862827694553,38.95,12.334008552779649,44.43,67.94,ASTS,Shortlist_ruben,,2025-08-20 16:16:39,31.181102539062508
42.0,1.23,84.179845703125,1.19,1331.0,550.0,2025-08-29,8,2.654472451483382,230.4574659050945,40.81,8.967209457952254,44.83,67.84,ASTS,Shortlist_ruben,,2025-08-20 19:21:23,16.339845703124993
74.0,3.1,122.7054645996094,3.1,393.0,737.0,2025-08-29,6,3.890562248995984,919.4811796923289,70.9,11.019076305220883,79.68,59.44,AFRM,zacks_rank1,,2025-08-22 16:15:00,63.2654645996094
78.0,4.8,121.97304638671876,5.0,182.0,1631.0,2025-08-29,6,6.280618012812461,3967.141920845802,73.0,8.302977012938072,79.61,59.36,AFRM,zacks_rank1,,2025-08-22 19:21:38,62.613046386718764
74.0,3.2,124.60975195312498,3.12,400.0,737.0,2025-08-29,6,3.919105639994976,936.6612335080118,70.88,10.965959050370564,79.61,59.36,AFRM,zacks_rank1,,2025-08-22 19:21:38,65.24975195312498
78.0,4.8,129.7855073242187,5.0,208.0,1631.0,2025-08-29,5,6.2900993835702605,8489.647828646062,73.0,8.164548999874192,79.49,59.23,AFRM,zacks_rank1,,2025-08-23 13:40:22,70.55550732421872
74.0,3.2,132.22690136718748,3.35,431.0,737.0,2025-08-29,5,4.214366586992075,1935.7024829601344,70.65,11.120895710152208,79.49,59.23,AFRM,zacks_rank1,,2025-08-23 13:40:22,72.99690136718749
78.0,4.8,129.7855073242187,5.0,208.0,1631.0,2025-08-29,5,6.2900993835702605,8489.647828646062,73.0,8.164548999874192,79.49,59.23,AFRM,zacks_rank1,,2025-08-23 16:13:27,70.55550732421872
74.0,3.2,132.22690136718748,3.35,431.0,737.0,2025-08-29,5,4.214366586992075,1935.7024829601344,70.65,11.120895710152208,79.49,59.23,AFRM,zacks_rank1,,2025-08-23 16:13:27,72.99690136718749
78.0,4.8,129.7855073242187,5.0,208.0,1631.0,2025-08-29,5,6.2900993835702605,8489.647828646062,73.0,8.164548999874192,79.49,59.23,AFRM,zacks_rank1,,2025-08-23 19:18:54,70.55550732421872
74.0,3.2,132.22690136718748,3.35,431.0,737.0,2025-08-29,5,4.214366586992075,1935.7024829601344,70.65,11.120895710152208,79.49,59.23,AFRM,zacks_rank1,,2025-08-23 19:18:54,72.99690136718749
78.0,4.8,140.18584594726562,5.0,208.0,1631.0,2025-08-29,4,6.2900993835702605,26049.84975287606,73.0,8.164548999874192,79.49,59.23,AFRM,zacks_rank1,,2025-08-24 13:41:10,80.95584594726563
74.0,3.2,142.82255151367184,3.35,431.0,737.0,2025-08-29,4,4.214366586992075,4224.071663195145,70.65,11.120895710152208,79.49,59.23,AFRM,zacks_rank1,,2025-08-24 13:41:10,83.59255151367185
75.0,4.8,82.6906027832031,4.9,258.0,932.0,2025-09-19,25,6.164297395898856,139.48921064253415,70.1,11.81280664234495,79.49,59.23,AFRM,zacks_rank1,,2025-08-24 13:41:10,23.460602783203107
78.0,4.8,140.18584594726562,5.0,208.0,1631.0,2025-08-29,4,6.2900993835702605,26049.84975287606,73.0,8.164548999874192,79.49,59.23,AFRM,zacks_rank1,,2025-08-24 16:14:10,80.95584594726563
74.0,3.2,142.82255151367184,3.35,431.0,737.0,2025-08-29,4,4.214366586992075,4224.071663195145,70.65,11.120895710152208,79.49,59.23,AFRM,zacks_rank1,,2025-08-24 16:14:10,83.59255151367185
75.0,4.8,82.6906027832031,4.9,258.0,932.0,2025-09-19,25,6.164297395898856,139.48921064253415,70.1,11.81280664234495,79.49,59.23,AFRM,zacks_rank1,,2025-08-24 16:14:10,23.460602783203107
78.0,4.8,140.18584594726562,5.0,208.0,1631.0,2025-08-29,4,6.2900993835702605,26049.84975287606,73.0,8.164548999874192,79.49,59.23,AFRM,zacks_rank1,,2025-08-24 19:19:53,80.95584594726563
74.0,3.2,142.82255151367184,3.35,431.0,737.0,2025-08-29,4,4.214366586992075,4224.071663195145,70.65,11.120895710152208,79.49,59.23,AFRM,zacks_rank1,,2025-08-24 19:19:53,83.59255151367185
75.0,4.8,82.6906027832031,4.9,258.0,932.0,2025-09-19,25,6.164297395898856,139.48921064253415,70.1,11.81280664234495,79.49,59.23,AFRM,zacks_rank1,,2025-08-24 19:19:53,23.460602783203107
50.0,3.8,78.12521875,3.65,187.0,2038.0,2025-09-19,24,7.202421592267954,187.9794912219733,46.35,8.539112109145295,50.6774,66.77,ASTS,Shortlist_ruben,,2025-08-25 16:15:57,11.355218750000006
45.0,1.69,77.3439765625,1.73,173.0,2515.0,2025-09-19,24,3.413750508116044,66.61399514138056,43.27,14.616771973305648,50.6774,66.77,ASTS,Shortlist_ruben,,2025-08-25 16:15:57,10.573976562500008
76.0,4.3,146.77760986328124,4.3,159.0,550.0,2025-08-29,3,5.516356638871071,68644.94415271225,71.7,8.017960230917254,77.95,59.24,AFRM,zacks_rank1,,2025-08-25 16:15:59,87.53760986328123
75.0,3.9,148.48658569335936,3.85,611.0,627.0,2025-08-29,3,4.939063502245029,35166.097550063234,71.15,8.72354073123797,77.95,59.24,AFRM,zacks_rank1,,2025-08-25 16:15:59,89.24658569335935
76.0,4.25,149.65845483398436,4.4,436.0,550.0,2025-08-29,3,5.617260308949318,77122.86269844265,71.6,8.59185497255203,78.33,59.08,AFRM,zacks_rank1,,2025-08-25 19:20:51,90.57845483398437
75.0,3.8,149.70728271484376,3.9,1133.0,627.0,2025-08-29,3,4.97893527384144,36834.30394691466,71.1,9.230180007659907,78.33,59.08,AFRM,zacks_rank1,,2025-08-25 19:20:51,90.62728271484376
70.0,2.1,177.63683056640622,2.13,412.0,8234.0,2025-08-29,2,2.695847635248018,12735.160491880868,67.87,14.099915960430526,79.0104,59.65,AFRM,zacks_rank1,,2025-08-26 16:15:38,117.98683056640621
65.0,1.03,180.1758803710937,1.07,244.0,748.0,2025-08-29,2,1.3542520984579245,1064.5553280567442,63.93,19.086601257555973,79.0104,59.65,AFRM,zacks_rank1,,2025-08-26 16:15:38,120.5258803710937
75.0,3.55,165.13689306640623,3.7,324.0,1156.0,2025-08-29,2,4.693650505709129,431879.00753175234,71.3,9.552086200794369,78.8299,59.6,AFRM,zacks_rank1,,2025-08-26 19:20:06,105.53689306640624
74.0,3.2,166.9923525390625,3.2,284.0,840.0,2025-08-29,2,4.05937341034303,142401.74501475214,70.8,10.186363296160463,78.8299,59.6,AFRM,zacks_rank1,,2025-08-26 19:20:06,107.3923525390625
46.0,1.1,77.3439765625,1.01,179.0,759.0,2025-09-05,8,2.050345107592367,152.4413803327564,44.99,8.668290702395446,49.26,60.12,ASTS,Shortlist_ruben,,2025-08-27 16:15:51,17.223976562500006
76.0,4.35,192.7734736328125,4.4,210.0,954.0,2025-08-29,1,5.637411915438822,49371883050.48373,71.6,8.263933376041004,78.05,58.87,AFRM,zacks_rank1,,2025-08-27 19:20:50,133.9034736328125
75.0,3.85,192.1875390625,3.99,153.0,1381.0,2025-08-29,1,5.112107623318386,8002978742.148463,71.01,9.019859064702104,78.05,58.87,AFRM,zacks_rank1,,2025-08-27 19:20:50,133.3175390625
75.0,3.05,108.93600219726562,3.1,335.0,1625.0,2025-09-05,7,3.867024262458679,623.0924196268212,71.9,10.309985654587411,80.165,59.39,AFRM,zacks_rank1,,2025-08-28 19:20:28,49.54600219726562
70.0,1.55,109.47310888671878,1.56,702.0,1014.0,2025-09-05,7,1.9459864030437224,173.17604636281686,68.44,14.626083702363884,80.165,59.39,AFRM,zacks_rank1,,2025-08-28 19:20:28,50.083108886718776
70.0,2.31,82.59294750976561,2.32,163.0,1447.0,2025-09-19,21,2.8940310609368174,64.19244137281805,67.68,15.574128360256967,80.165,59.39,AFRM,zacks_rank1,,2025-08-28 19:20:28,23.202947509765607
45.0,1.1,72.55886816406249,1.12,204.0,597.0,2025-09-12,12,2.288516550878627,99.02193351581424,43.88,10.339190845933786,48.94,60.92,ASTS,Shortlist_ruben,,2025-08-30 13:38:03,11.638868164062487
45.0,1.1,72.55886816406249,1.12,204.0,597.0,2025-09-12,12,2.288516550878627,99.02193351581424,43.88,10.339190845933786,48.94,60.92,ASTS,Shortlist_ruben,,2025-08-30 16:13:17,11.638868164062487
45.0,1.1,72.55886816406249,1.12,204.0,597.0,2025-09-12,12,2.288516550878627,99.02193351581424,43.88,10.339190845933786,48.94,60.92,ASTS,Shortlist_ruben,,2025-08-30 19:18:24,11.638868164062487
45.0,1.1,75.2932158203125,1.12,204.0,597.0,2025-09-12,11,2.288516550878627,111.87209160046456,43.88,10.339190845933786,48.94,60.92,ASTS,Shortlist_ruben,,2025-08-31 13:39:13,14.373215820312495
45.0,1.1,75.2932158203125,1.12,204.0,597.0,2025-09-12,11,2.288516550878627,111.87209160046456,43.88,10.339190845933786,48.94,60.92,ASTS,Shortlist_ruben,,2025-08-31 16:13:24,14.373215820312495
45.0,1.1,75.2932158203125,1.12,204.0,597.0,2025-09-12,11,2.288516550878627,111.87209160046456,43.88,10.339190845933786,48.94,60.92,ASTS,Shortlist_ruben,,2025-08-31 19:19:07,14.373215820312495
45.0,1.1,78.36935693359376,1.12,204.0,597.0,2025-09-12,10,2.288516550878627,128.39212714394694,43.88,10.339190845933786,48.94,60.92,ASTS,Shortlist_ruben,,2025-09-01 13:44:42,17.449356933593762
45.0,1.1,78.36935693359376,1.12,204.0,597.0,2025-09-12,10,2.288516550878627,128.39212714394694,43.88,10.339190845933786,48.94,60.92,ASTS,Shortlist_ruben,,2025-09-01 16:14:55,17.449356933593762
45.0,1.1,78.36935693359376,1.12,204.0,597.0,2025-09-12,10,2.288516550878627,128.39212714394694,43.88,10.339190845933786,48.94,60.92,ASTS,Shortlist_ruben,,2025-09-01 19:19:45,17.449356933593762
45.0,1.38,79.3947373046875,1.36,282.0,753.0,2025-09-12,9,2.850256732683642,212.6050366887225,43.64,8.540291313004301,47.715,61.08,ASTS,Shortlist_ruben,,2025-09-02 16:16:34,18.314737304687497
48.0,3.2,86.914193359375,3.3,302.0,1094.0,2025-09-19,16,6.73469387755102,342.3048500758779,44.7,8.775510204081627,49.0,60.83,ASTS,Shortlist_ruben,,2025-09-02 19:19:39,26.084193359375007
40.0,1.97,80.61542822265625,2.05,3813.0,7367.0,2025-09-19,14,4.938152649138232,251.369468439485,37.95,8.583954617172722,41.5135,66.31,ASTS,Shortlist_ruben,,2025-09-04 16:15:16,14.305428222656246
40.0,1.22,88.52550537109374,1.3,1056.0,1147.0,2025-09-12,7,3.056665882906184,380.64517331104673,38.7,9.00540794733129,42.53,64.28,ASTS,Shortlist_ruben,,2025-09-04 19:19:33,24.245505371093742
40.0,1.01,91.50399121093751,1.09,1117.0,1639.0,2025-09-12,5,2.5701485498703143,537.5758640490579,38.91,8.252770572978072,42.41,60.17,ASTS,Shortlist_ruben,,2025-09-06 13:36:10,31.333991210937512
40.0,1.01,91.50399121093751,1.09,1117.0,1639.0,2025-09-12,5,2.5701485498703143,537.5758640490579,38.91,8.252770572978072,42.41,60.17,ASTS,Shortlist_ruben,,2025-09-06 16:13:37,31.333991210937512
40.0,1.01,91.50399121093751,1.09,1117.0,1639.0,2025-09-12,5,2.5701485498703143,537.5758640490579,38.91,8.252770572978072,42.41,60.17,ASTS,Shortlist_ruben,,2025-09-06 19:17:37,31.333991210937512
40.0,1.01,98.82813671875,1.09,1117.0,1639.0,2025-09-12,4,2.5701485498703143,913.1292059878951,38.91,8.252770572978072,42.41,60.17,ASTS,Shortlist_ruben,,2025-09-07 13:36:40,38.65813671875
40.0,1.01,98.82813671875,1.09,1117.0,1639.0,2025-09-12,4,2.5701485498703143,913.1292059878951,38.91,8.252770572978072,42.41,60.17,ASTS,Shortlist_ruben,,2025-09-07 16:13:53,38.65813671875
40.0,1.01,98.82813671875,1.09,1117.0,1639.0,2025-09-12,4,2.5701485498703143,913.1292059878951,38.91,8.252770572978072,42.41,60.17,ASTS,Shortlist_ruben,,2025-09-07 19:17:50,38.65813671875
37.0,1.15,82.56853369140623,1.29,233.0,725.0,2025-09-19,10,3.26417004048583,222.9702712867328,35.71,9.640688259109318,39.52,62.84,ASTS,Shortlist_ruben,,2025-09-08 16:14:38,19.728533691406227
35.0,1.46,80.4689453125,1.45,260.0,615.0,2025-09-26,15,3.8785609201551434,152.4241076736106,33.55,10.258124916410328,37.385,65.87,ASTS,Shortlist_ruben,,2025-09-10 16:15:27,14.598945312499993
35.0,1.0,80.27363476562499,0.96,170.0,756.0,2025-09-26,14,2.4819027921406414,89.49039598423332,34.04,11.995863495346434,38.68,67.14,ASTS,Shortlist_ruben,,2025-09-11 19:19:36,13.13363476562499
45.0,4.1,86.62122753906249,4.12,243.0,1484.0,2025-10-17,25,9.135254988913523,258.3356236377859,40.88,9.356984478935695,45.1,70.68,ASTS,Shortlist_ruben,,2025-09-21 13:37:55,15.941227539062481
40.0,1.8,86.18177880859376,1.9,438.0,4309.0,2025-10-17,25,4.212860310421286,82.66326428490538,38.1,15.521064301552109,45.1,70.68,ASTS,Shortlist_ruben,,2025-09-21 13:37:55,15.501778808593755
45.0,4.1,86.62122753906249,4.12,243.0,1484.0,2025-10-17,25,9.135254988913523,258.3356236377859,40.88,9.356984478935695,45.1,70.68,ASTS,Shortlist_ruben,,2025-09-21 16:13:38,15.941227539062481
40.0,1.8,86.18177880859376,1.9,438.0,4309.0,2025-10-17,25,4.212860310421286,82.66326428490538,38.1,15.521064301552109,45.1,70.68,ASTS,Shortlist_ruben,,2025-09-21 16:13:38,15.501778808593755
45.0,4.1,86.62122753906249,4.12,243.0,1484.0,2025-10-17,25,9.135254988913523,258.3356236377859,40.88,9.356984478935695,45.1,70.68,ASTS,Shortlist_ruben,,2025-09-21 19:18:55,15.941227539062481
40.0,1.8,86.18177880859376,1.9,438.0,4309.0,2025-10-17,25,4.212860310421286,82.66326428490538,38.1,15.521064301552109,45.1,70.68,ASTS,Shortlist_ruben,,2025-09-21 19:18:55,15.501778808593755
41.0,1.62,92.0899228515625,1.82,4033.0,829.0,2025-10-17,24,3.841283241874208,77.40306628855842,39.18,17.30688054031237,47.38,72.07,ASTS,Shortlist_ruben,,2025-09-22 16:16:01,20.019922851562512
45.0,3.05,92.01668139648436,3.16,176.0,1545.0,2025-10-17,24,6.55404494498543,162.5988680936746,41.84,13.221126424623291,48.2145,73.29,ASTS,Shortlist_ruben,,2025-09-22 19:20:22,18.726681396484352
41.0,1.58,93.8477177734375,1.81,4050.0,829.0,2025-10-17,24,3.7540573893745655,75.15023770849454,39.19,18.717398293044628,48.2145,73.29,ASTS,Shortlist_ruben,,2025-09-22 19:20:22,20.55771777343749
40.0,1.37,93.0664755859375,1.41,150.0,4519.0,2025-10-17,24,2.924431446971347,55.01908372473792,38.59,19.961837206649445,48.2145,73.29,ASTS,Shortlist_ruben,,2025-09-22 19:20:22,19.77647558593749
55.0,5.55,106.20164086914065,5.8,268.0,712.0,2025-10-17,23,10.39147182656992,380.1402277491262,49.2,11.85165278151034,55.815,80.81,ASTS,Shortlist_ruben,,2025-09-23 16:16:04,25.391640869140645
50.0,3.15,102.95458679199218,3.15,904.0,1474.0,2025-10-17,23,5.643644181671594,138.9923366997044,46.85,16.061990504344703,55.815,80.81,ASTS,Shortlist_ruben,,2025-09-23 16:16:04,22.144586791992182
50.0,3.1,96.02054760742188,3.1,2496.0,1474.0,2025-10-17,23,5.64765895427218,139.1365114783075,46.9,14.55638549826927,54.89,78.52,ASTS,Shortlist_ruben,,2025-09-23 19:20:49,17.50054760742188
50.0,3.1,95.19047778320312,3.13,240.0,2449.0,2025-10-17,22,5.755792570798088,153.06272555463835,46.87,13.810224347186477,54.38,78.37,ASTS,Shortlist_ruben,,2025-09-24 19:20:52,16.820477783203117
45.0,1.39,93.0664755859375,1.46,235.0,1690.0,2025-10-17,22,2.6848105921294594,55.20239678220626,43.54,19.933799190879007,54.38,78.37,ASTS,Shortlist_ruben,,2025-09-24 19:20:52,14.696475585937492
45.0,1.0,94.8242705078125,1.04,924.0,550.0,2025-10-03,7,2.090452261306533,194.1102988950675,43.96,11.638190954773869,49.75,82.57,ASTS,Shortlist_ruben,,2025-09-25 19:20:37,12.254270507812507
45.0,2.43,93.79889013671875,2.57,907.0,1817.0,2025-10-17,21,5.165829145728643,139.99503329999564,42.43,14.71356783919598,49.75,82.57,ASTS,Shortlist_ruben,,2025-09-25 19:20:37,11.22889013671876
50.0,4.05,94.2383388671875,4.17,218.0,2211.0,2025-10-17,17,8.273809523809524,451.1097292953938,45.83,9.067460317460318,50.4,83.64,ASTS,Shortlist_ruben,,2025-09-29 16:13:52,10.598338867187493
70.0,1.26,116.26018432617188,1.39,3286.0,1688.0,2025-10-10,2,1.8391108758930932,2682.3663580081616,68.61,9.222016406456731,75.58,100.74,ASTS,Shortlist_ruben,,2025-10-07 19:20:37,15.520184326171886
69.0,1.07,116.89494677734376,1.08,450.0,1388.0,2025-10-10,2,1.4289494575284467,1232.145736174392,67.92,10.13495633765546,75.58,100.74,ASTS,Shortlist_ruben,,2025-10-07 19:20:37,16.154946777343767
75.0,2.85,114.55120849609376,3.0,1714.0,566.0,2025-10-17,8,3.639981557426776,411.0157618926498,72.0,12.640442621757389,82.418,101.92,ASTS,Shortlist_ruben,,2025-10-08 19:21:13,12.631208496093763
70.0,1.47,115.08831518554685,1.62,5939.0,755.0,2025-10-17,8,1.9655900410104588,143.05086683635565,68.38,17.032687034385706,82.418,101.92,ASTS,Shortlist_ruben,,2025-10-08 19:21:13,13.168315185546845
68.0,1.09,114.60003637695311,1.14,5273.0,814.0,2025-10-17,8,1.3831929918221746,87.15315317569296,66.86,18.876944356815265,82.418,101.92,ASTS,Shortlist_ruben,,2025-10-08 19:21:13,12.680036376953112
80.0,2.73,114.01410180664064,3.1,2177.0,1871.0,2025-10-17,6,3.6120937559716064,765.9025788272038,76.9,10.39677102122046,85.8228,102.22,ASTS,Shortlist_ruben,,2025-10-10 16:16:24,11.79410180664064
75.0,1.49,112.30512597656252,1.64,1811.0,1479.0,2025-10-17,6,1.9109141160623984,216.29505948281263,73.36,14.521549052233206,85.8228,102.22,ASTS,Shortlist_ruben,,2025-10-10 16:16:24,10.085125976562523
70.0,1.0,116.50432373046876,1.06,1000.0,5913.0,2025-10-17,5,1.2922101670120687,155.30038016331233,68.94,15.95757649640376,82.03,104.28,ASTS,Shortlist_ruben,,2025-10-11 13:37:48,12.224323730468754
70.0,1.0,116.50432373046876,1.06,1000.0,5913.0,2025-10-17,5,1.2922101670120687,155.30038016331233,68.94,15.95757649640376,82.03,104.28,ASTS,Shortlist_ruben,,2025-10-11 16:13:15,12.224323730468754
70.0,1.0,116.50432373046876,1.06,1000.0,5913.0,2025-10-17,5,1.2922101670120687,155.30038016331233,68.94,15.95757649640376,82.03,104.28,ASTS,Shortlist_ruben,,2025-10-11 19:18:17,12.224323730468754
75.0,2.0,120.99648876953124,2.07,2179.0,1479.0,2025-10-17,4,2.523467024259417,871.9069495626625,72.93,11.093502377179073,82.03,104.28,ASTS,Shortlist_ruben,,2025-10-12 13:37:32,16.71648876953124
70.0,1.0,125.87927685546876,1.06,1000.0,5913.0,2025-10-17,4,1.2922101670120687,222.71141445867676,68.94,15.95757649640376,82.03,104.28,ASTS,Shortlist_ruben,,2025-10-12 13:37:32,21.59927685546876
65.0,3.8,90.67392138671876,3.95,180.0,604.0,2025-11-07,25,5.552431824571268,120.10826717537988,61.05,14.183300534158002,71.14,62.94,AFRM,zacks_rank1,,2025-10-12 13:37:33,27.733921386718762
65.0,2.08,73.38893798828124,2.07,191.0,1475.0,2025-10-31,18,2.9097554118639297,78.89206272080509,62.93,11.540624121450662,71.14,62.94,AFRM,zacks_rank1,,2025-10-12 13:37:33,10.448937988281244
75.0,2.0,120.99648876953124,2.07,2179.0,1479.0,2025-10-17,4,2.523467024259417,871.9069495626625,72.93,11.093502377179073,82.03,104.28,ASTS,Shortlist_ruben,,2025-10-12 16:13:41,16.71648876953124
70.0,1.0,125.87927685546876,1.06,1000.0,5913.0,2025-10-17,4,1.2922101670120687,222.71141445867676,68.94,15.95757649640376,82.03,104.28,ASTS,Shortlist_ruben,,2025-10-12 16:13:41,21.59927685546876
65.0,3.8,90.67392138671876,3.95,180.0,604.0,2025-11-07,25,5.552431824571268,120.10826717537988,61.05,14.183300534158002,71.14,62.94,AFRM,zacks_rank1,,2025-10-12 16:13:42,27.733921386718762
65.0,2.08,73.38893798828124,2.07,191.0,1475.0,2025-10-31,18,2.9097554118639297,78.89206272080509,62.93,11.540624121450662,71.14,62.94,AFRM,zacks_rank1,,2025-10-12 16:13:42,10.448937988281244
75.0,2.0,120.99648876953124,2.07,2179.0,1479.0,2025-10-17,4,2.523467024259417,871.9069495626625,72.93,11.093502377179073,82.03,104.28,ASTS,Shortlist_ruben,,2025-10-12 19:19:01,16.71648876953124
70.0,1.0,125.87927685546876,1.06,1000.0,5913.0,2025-10-17,4,1.2922101670120687,222.71141445867676,68.94,15.95757649640376,82.03,104.28,ASTS,Shortlist_ruben,,2025-10-12 19:19:01,21.59927685546876
65.0,3.8,90.67392138671876,3.95,180.0,604.0,2025-11-07,25,5.552431824571268,120.10826717537988,61.05,14.183300534158002,71.14,62.94,AFRM,zacks_rank1,,2025-10-12 19:19:02,27.733921386718762
65.0,2.08,73.38893798828124,2.07,191.0,1475.0,2025-10-31,18,2.9097554118639297,78.89206272080509,62.93,11.540624121450662,71.14,62.94,AFRM,zacks_rank1,,2025-10-12 19:19:02,10.448937988281244
65.0,2.87,92.72468212890624,3.95,180.0,765.0,2025-11-07,24,5.380005448106783,121.8781547893554,61.05,16.84827022609644,73.42,60.63,AFRM,zacks_rank1,,2025-10-13 16:16:11,32.094682128906236
128.0,2.12,62.01209863281252,2.27,618.0,2183.0,2025-10-24,10,1.6498292027036847,81.7158641199884,125.73,8.619812486372554,137.59,47.76,LRCX,validea_top_nasdaq100,,2025-10-13 16:16:12,14.252098632812519
128.0,2.22,61.25527026367189,2.33,619.0,2183.0,2025-10-24,10,1.694607076620968,84.66057206669637,125.67,8.600312738645044,137.495,47.72,LRCX,validea_top_nasdaq100,,2025-10-13 19:20:08,13.53527026367189
86.0,1.16,136.71906640625,1.69,379.0,746.0,2025-10-17,2,1.7531120331950207,2284.818682057199,84.31,12.541493775933612,96.4,103.15,ASTS,Shortlist_ruben,,2025-10-14 16:16:20,33.56906640624999
85.0,1.0,131.64096679687498,1.31,282.0,995.0,2025-10-17,2,1.358921161825726,1074.3870054915585,83.69,13.184647302904573,96.4,103.15,ASTS,Shortlist_ruben,,2025-10-14 16:16:20,28.49096679687497
80.0,1.9,123.34022705078124,1.9,302.0,1132.0,2025-10-24,9,1.970954356846473,120.68281489240856,78.1,18.983402489626567,96.4,103.15,ASTS,Shortlist_ruben,,2025-10-14 16:16:20,20.190227050781232
80.0,1.27,115.91838916015624,1.3,3066.0,1132.0,2025-10-24,9,1.3192612137203166,70.15425200341869,78.7,20.133955754008525,98.54,104.06,ASTS,Shortlist_ruben,,2025-10-14 19:20:59,11.858389160156236
90.0,4.35,109.9858016357422,4.72,1153.0,1162.0,2025-10-24,8,4.986793449550977,821.0206936588568,85.28,9.899630216587433,94.65,98.11,ASTS,Shortlist_ruben,,2025-10-15 16:14:04,11.875801635742206
80.0,1.4,112.40278173828123,1.6,1170.0,2473.0,2025-10-24,8,1.6904384574749074,114.85994961755326,78.4,17.16851558372953,94.65,98.11,ASTS,Shortlist_ruben,,2025-10-15 16:14:04,14.292781738281235
90.0,1.21,113.28168359375002,1.39,1065.0,687.0,2025-10-17,1,1.433795276727646,17958.286960951104,88.61,8.598129877095891,96.9455,97.78,ASTS,Shortlist_ruben,,2025-10-15 19:21:14,15.501683593750016
90.0,3.7,110.2055270996094,4.04,1303.0,1162.0,2025-10-24,8,4.167289869050137,544.1596813668061,85.96,11.331624469418388,96.9455,97.78,ASTS,Shortlist_ruben,,2025-10-15 19:21:14,12.425527099609397
70.0,2.69,67.48079394531253,3.0,190.0,504.0,2025-10-31,15,4.106214070626882,166.23504867187538,67.0,8.294552422666305,73.06,56.79,AFRM,zacks_rank1,,2025-10-15 19:21:14,10.690793945312528
90.0,4.9,116.30901220703124,4.93,279.0,827.0,2025-10-24,7,5.269627491849714,1355.280246425218,85.07,9.069531291753528,93.555,98.96,ASTS,Shortlist_ruben,,2025-10-16 16:16:53,17.34901220703125
85.0,4.3,113.28168359375002,5.15,234.0,616.0,2025-10-31,14,5.50478328256106,304.3320704014118,79.85,14.649136871359106,93.555,98.96,ASTS,Shortlist_ruben,,2025-10-16 16:16:53,14.321683593750024
80.0,1.71,120.11758691406249,2.0,3537.0,3498.0,2025-10-24,7,2.1377799155576933,201.30466680926787,78.0,16.626583293249965,93.555,98.96,ASTS,Shortlist_ruben,,2025-10-16 16:16:53,21.15758691406249
85.0,5.65,116.89494677734376,6.4,276.0,616.0,2025-10-31,14,7.06090026478376,492.2698953080445,78.6,13.283318623124456,90.64,100.82,ASTS,Shortlist_ruben,,2025-10-16 19:20:10,16.07494677734377
80.0,2.15,116.2113564453125,2.36,3753.0,3498.0,2025-10-24,7,2.6037069726390114,282.00883739390594,77.64,14.342453662842011,90.64,100.82,ASTS,Shortlist_ruben,,2025-10-16 19:20:10,15.39135644531251
65.0,1.63,81.68963623046875,1.88,8614.0,850.0,2025-10-24,7,2.7246376811594204,306.2075077034914,63.12,8.521739130434787,69.0,58.44,AFRM,zacks_rank1,,2025-10-16 19:20:11,23.249636230468752
80.0,4.3,126.46521142578123,4.39,1161.0,6558.0,2025-10-24,6,5.247116476423832,2144.506494576163,75.61,9.627681826331209,83.665,103.72,ASTS,Shortlist_ruben,,2025-10-17 16:15:46,22.745211425781235
70.0,1.24,128.36949877929683,1.39,6946.0,1217.0,2025-10-24,6,1.6613876770453593,172.47419153402643,68.61,17.994382358214313,83.665,103.72,ASTS,Shortlist_ruben,,2025-10-17 16:15:46,24.649498779296835
70.0,2.35,121.38711181640622,2.57,283.0,2590.0,2025-10-31,13,3.071774338134225,133.84269894735695,67.43,19.40476901930317,83.665,103.72,ASTS,Shortlist_ruben,,2025-10-17 16:15:46,17.66711181640622
70.0,2.16,115.45452429199216,2.25,721.0,2590.0,2025-10-31,13,2.68720567633384,110.54419896085764,67.75,19.08525130150328,83.7301,103.65,ASTS,Shortlist_ruben,,2025-10-17 19:20:51,11.804524291992152
80.0,3.5,114.94183154296876,3.65,1594.0,6558.0,2025-10-24,5,4.371781051622949,2172.824498041754,76.35,8.551922385914482,83.49,103.89,ASTS,Shortlist_ruben,,2025-10-18 13:38:51,11.051831542968756
70.0,2.01,116.79729101562502,2.25,731.0,2590.0,2025-10-31,12,2.6949335249730506,124.53426950023383,67.75,18.852557192478137,83.49,103.89,ASTS,Shortlist_ruben,,2025-10-18 13:38:51,12.90729101562502
80.0,3.5,114.94183154296876,3.65,1594.0,6558.0,2025-10-24,5,4.371781051622949,2172.824498041754,76.35,8.551922385914482,83.49,103.89,ASTS,Shortlist_ruben,,2025-10-18 16:13:58,11.051831542968756
70.0,2.01,116.79729101562502,2.25,731.0,2590.0,2025-10-31,12,2.6949335249730506,124.53426950023383,67.75,18.852557192478137,83.49,103.89,ASTS,Shortlist_ruben,,2025-10-18 16:13:58,12.90729101562502
80.0,3.5,114.94183154296876,3.65,1594.0,6558.0,2025-10-24,5,4.371781051622949,2172.824498041754,76.35,8.551922385914482,83.49,103.89,ASTS,Shortlist_ruben,,2025-10-18 19:18:39,11.051831542968756
70.0,2.01,116.79729101562502,2.25,731.0,2590.0,2025-10-31,12,2.6949335249730506,124.53426950023383,67.75,18.852557192478137,83.49,103.89,ASTS,Shortlist_ruben,,2025-10-18 19:18:39,12.90729101562502
80.0,3.5,124.1214731445312,3.65,1594.0,6558.0,2025-10-24,4,4.371781051622949,4862.57835899835,76.35,8.551922385914482,83.49,103.89,ASTS,Shortlist_ruben,,2025-10-19 13:38:18,20.231473144531193
70.0,2.01,121.19180029296874,2.25,731.0,2590.0,2025-10-31,11,2.6949335249730506,141.66703816680135,67.75,18.852557192478137,83.49,103.89,ASTS,Shortlist_ruben,,2025-10-19 13:38:18,17.301800292968736
80.0,3.5,124.1214731445312,3.65,1594.0,6558.0,2025-10-24,4,4.371781051622949,4862.57835899835,76.35,8.551922385914482,83.49,103.89,ASTS,Shortlist_ruben,,2025-10-19 16:14:19,20.231473144531193
70.0,2.01,121.19180029296874,2.25,731.0,2590.0,2025-10-31,11,2.6949335249730506,141.66703816680135,67.75,18.852557192478137,83.49,103.89,ASTS,Shortlist_ruben,,2025-10-19 16:14:19,17.301800292968736
80.0,3.5,124.1214731445312,3.65,1594.0,6558.0,2025-10-24,4,4.371781051622949,4862.57835899835,76.35,8.551922385914482,83.49,103.89,ASTS,Shortlist_ruben,,2025-10-19 19:19:38,20.231473144531193
70.0,2.01,121.19180029296874,2.25,731.0,2590.0,2025-10-31,11,2.6949335249730506,141.66703816680135,67.75,18.852557192478137,83.49,103.89,ASTS,Shortlist_ruben,,2025-10-19 19:19:38,17.301800292968736
70.0,1.27,111.76801928710938,1.35,411.0,2424.0,2025-10-31,10,1.5869526629653443,77.65791008128974,68.65,19.30051828698452,85.0687,96.77,ASTS,Shortlist_ruben,,2025-10-20 16:16:00,14.998019287109386
80.0,1.11,61.18202880859377,1.3,270.0,533.0,2025-10-31,9,1.5050651230101302,83.27906157020288,78.7,8.885672937771343,86.375,51.1,NEM,zacks_rank1,,2025-10-21 16:17:17,10.082028808593769
65.0,1.04,74.804939453125,1.16,158.0,1341.0,2025-10-31,8,1.6230586259969215,108.45962707514998,63.84,10.675808031341816,71.47,60.95,AFRM,zacks_rank1,,2025-10-22 16:17:37,13.854939453124999
130.0,1.19,95.6055126953125,1.28,376.0,512.0,2025-10-24,1,0.9147104012577268,2675.776886535828,128.72,8.014435273519851,139.935,47.4,LRCX,validea_top_nasdaq100,,2025-10-22 16:17:37,48.2055126953125
70.0,4.5,88.5743330078125,4.48,263.0,3169.0,2025-11-21,25,5.942432683379759,132.284986405325,65.52,13.091922005571035,75.39,57.65,AFRM,zacks_rank1,,2025-10-26 13:39:57,30.9243330078125
65.0,2.76,89.99033447265624,2.8,250.0,2496.0,2025-11-21,25,3.714020427112349,70.3048669449241,62.2,17.495689083432815,75.39,57.65,AFRM,zacks_rank1,,2025-10-26 13:39:57,32.340334472656245
70.0,4.5,88.5743330078125,4.48,263.0,3169.0,2025-11-21,25,5.942432683379759,132.284986405325,65.52,13.091922005571035,75.39,57.65,AFRM,zacks_rank1,,2025-10-26 16:14:20,30.9243330078125
65.0,2.76,89.99033447265624,2.8,250.0,2496.0,2025-11-21,25,3.714020427112349,70.3048669449241,62.2,17.495689083432815,75.39,57.65,AFRM,zacks_rank1,,2025-10-26 16:14:20,32.340334472656245
70.0,4.5,88.5743330078125,4.48,263.0,3169.0,2025-11-21,25,5.942432683379759,132.284986405325,65.52,13.091922005571035,75.39,57.65,AFRM,zacks_rank1,,2025-10-26 19:20:06,30.9243330078125
75.0,7.15,117.06584436035156,7.54,153.0,1029.0,2025-11-21,23,9.533442913136932,324.2184486569563,67.46,14.70476672145658,79.09,106.96,ASTS,Shortlist_ruben,,2025-10-28 16:17:11,10.105844360351568
65.0,1.78,115.18597094726562,1.9,183.0,781.0,2025-11-07,9,2.5188916876574305,174.25734442854832,63.1,16.346281320429544,75.43,57.8,AFRM,zacks_rank1,,2025-10-28 16:17:12,57.38597094726562
65.0,1.61,112.98871630859378,1.71,227.0,781.0,2025-11-07,9,2.251777719252041,146.72172592888012,63.29,16.65788780616276,75.94,57.76,AFRM,zacks_rank1,,2025-10-28 19:21:26,55.22871630859378
75.0,6.25,87.2071591796875,6.7,184.0,1758.0,2025-11-21,22,8.90661349285477,311.8734083156928,68.3,9.205716184778993,75.225,57.76,AFRM,zacks_rank1,,2025-10-29 16:17:48,29.447159179687496
80.0,5.95,126.46521142578123,6.33,193.0,1014.0,2025-11-07,8,7.897691827822832,3107.5950743167523,73.67,8.084840923268874,80.15,107.37,ASTS,Shortlist_ruben,,2025-10-29 19:21:37,19.09521142578123
75.0,6.95,122.33925549316407,7.15,158.0,1189.0,2025-11-21,21,8.964393179538614,344.6742051487929,67.85,14.932296890672028,79.76,105.93,ASTS,Shortlist_ruben,,2025-10-30 16:17:06,16.409255493164068
65.0,2.76,126.172244140625,2.86,3509.0,953.0,2025-11-07,7,4.026467689708574,683.3023325545024,62.14,12.51583837815008,71.03,58.14,AFRM,zacks_rank1,,2025-10-30 16:17:07,68.032244140625
75.0,7.35,119.82461962890623,9.0,170.0,1189.0,2025-11-21,21,11.548825869369946,568.3238559305423,66.0,15.308610291287058,77.93,106.61,ASTS,Shortlist_ruben,,2025-10-30 19:21:49,13.214619628906235
65.0,3.3,120.89883300781248,3.43,3625.0,953.0,2025-11-07,7,4.989090909090909,1166.244896440748,61.57,10.443636363636363,68.75,59.61,AFRM,zacks_rank1,,2025-10-30 19:21:50,61.288833007812485
60.0,1.74,124.65857983398436,1.78,230.0,1092.0,2025-11-07,7,2.589090909090909,279.18165068751006,58.22,15.31636363636364,68.75,59.61,AFRM,zacks_rank1,,2025-10-30 19:21:50,65.04857983398436
80.0,2.7,56.665472412109374,2.63,356.0,3051.0,2025-11-21,21,3.110217596972564,70.29279467901779,77.37,8.502838221381264,84.56,19.95,FTNT,validea_top_nasdaq100,,2025-10-30 19:21:50,36.71547241210938
70.0,5.4,87.96398754882811,5.65,232.0,3221.0,2025-11-21,20,7.964140225251258,304.9034091076215,64.35,9.29337637258081,70.943,60.44,AFRM,zacks_rank1,,2025-10-31 16:16:04,27.523987548828117
75.0,6.5,118.01798803710936,6.8,352.0,1207.0,2025-11-21,20,8.538412181802885,346.0650709459314,68.2,14.364748411918118,79.6401,105.87,ASTS,Shortlist_ruben,,2025-10-31 19:19:45,12.147988037109357
65.0,2.67,133.44759838867182,2.76,244.0,4218.0,2025-11-07,6,3.865816933958961,904.8140045651644,62.24,12.823026822606618,71.395,60.82,AFRM,zacks_rank1,,2025-10-31 19:19:46,72.62759838867183
70.0,5.9,99.16993017578125,5.98,371.0,3221.0,2025-11-21,20,8.375936690244416,334.035017888187,64.02,10.329855031864978,71.395,60.82,AFRM,zacks_rank1,,2025-10-31 19:19:46,38.349930175781246
60.0,1.33,135.0589184570312,1.41,303.0,1249.0,2025-11-07,6,1.974928216261643,228.6111813382148,58.59,17.935429651936403,71.395,60.82,AFRM,zacks_rank1,,2025-10-31 19:19:46,74.23891845703122
65.0,2.35,136.5237548828125,2.43,306.0,4218.0,2025-11-07,5,3.380634390651086,1032.5596358200426,62.57,12.952142459654976,71.88,61.29,AFRM,zacks_rank1,,2025-11-01 13:39:26,75.23375488281252
63.0,1.79,139.55108349609375,1.9,373.0,4197.0,2025-11-07,5,2.6432943795214245,571.6337616877651,61.1,14.997217584863654,71.88,61.29,AFRM,zacks_rank1,,2025-11-01 13:39:26,78.26108349609376
70.0,5.45,97.0459279785156,5.68,381.0,3221.0,2025-11-21,19,7.902058987200891,331.04095396346133,64.32,10.517529215358936,71.88,61.29,AFRM,zacks_rank1,,2025-11-01 13:39:26,35.75592797851561
65.0,2.35,136.5237548828125,2.43,306.0,4218.0,2025-11-07,5,3.380634390651086,1032.5596358200426,62.57,12.952142459654976,71.88,61.29,AFRM,zacks_rank1,,2025-11-01 16:13:17,75.23375488281252
63.0,1.79,139.55108349609375,1.9,373.0,4197.0,2025-11-07,5,2.6432943795214245,571.6337616877651,61.1,14.997217584863654,71.88,61.29,AFRM,zacks_rank1,,2025-11-01 16:13:17,78.26108349609376
70.0,5.45,97.0459279785156,5.68,381.0,3221.0,2025-11-21,19,7.902058987200891,331.04095396346133,64.32,10.517529215358936,71.88,61.29,AFRM,zacks_rank1,,2025-11-01 16:13:17,35.75592797851561
65.0,2.35,136.5237548828125,2.43,306.0,4218.0,2025-11-07,5,3.380634390651086,1032.5596358200426,62.57,12.952142459654976,71.88,61.29,AFRM,zacks_rank1,,2025-11-01 19:18:31,75.23375488281252
63.0,1.79,139.55108349609375,1.9,373.0,4197.0,2025-11-07,5,2.6432943795214245,571.6337616877651,61.1,14.997217584863654,71.88,61.29,AFRM,zacks_rank1,,2025-11-01 19:18:31,78.26108349609376
70.0,5.45,97.0459279785156,5.68,381.0,3221.0,2025-11-21,19,7.902058987200891,331.04095396346133,64.32,10.517529215358936,71.88,61.29,AFRM,zacks_rank1,,2025-11-01 19:18:31,35.75592797851561
65.0,2.35,147.4612001953125,2.43,306.0,4218.0,2025-11-07,4,3.380634390651086,1977.668949040094,62.57,12.952142459654976,71.88,61.29,AFRM,zacks_rank1,,2025-11-02 13:38:44,86.17120019531251
63.0,1.79,150.78149609375,1.9,373.0,4197.0,2025-11-07,4,2.6432943795214245,981.2239295861208,61.1,14.997217584863654,71.88,61.29,AFRM,zacks_rank1,,2025-11-02 13:38:44,89.49149609375002
60.0,1.17,153.17406225585935,1.3,321.0,1249.0,2025-11-07,4,1.8085698386199225,413.24027041038016,58.7,18.336115748469663,71.88,61.29,AFRM,zacks_rank1,,2025-11-02 13:38:44,91.88406225585936
65.0,2.35,147.4612001953125,2.43,306.0,4218.0,2025-11-07,4,3.380634390651086,1977.668949040094,62.57,12.952142459654976,71.88,61.29,AFRM,zacks_rank1,,2025-11-02 16:14:00,86.17120019531251
63.0,1.79,150.78149609375,1.9,373.0,4197.0,2025-11-07,4,2.6432943795214245,981.2239295861208,61.1,14.997217584863654,71.88,61.29,AFRM,zacks_rank1,,2025-11-02 16:14:00,89.49149609375002
60.0,1.17,153.17406225585935,1.3,321.0,1249.0,2025-11-07,4,1.8085698386199225,413.24027041038016,58.7,18.336115748469663,71.88,61.29,AFRM,zacks_rank1,,2025-11-02 16:14:00,91.88406225585936
65.0,2.35,147.4612001953125,2.43,306.0,4218.0,2025-11-07,4,3.380634390651086,1977.668949040094,62.57,12.952142459654976,71.88,61.29,AFRM,zacks_rank1,,2025-11-02 19:19:11,86.17120019531251
63.0,1.79,150.78149609375,1.9,373.0,4197.0,2025-11-07,4,2.6432943795214245,981.2239295861208,61.1,14.997217584863654,71.88,61.29,AFRM,zacks_rank1,,2025-11-02 19:19:11,89.49149609375002
60.0,1.17,153.17406225585935,1.3,321.0,1249.0,2025-11-07,4,1.8085698386199225,413.24027041038016,58.7,18.336115748469663,71.88,61.29,AFRM,zacks_rank1,,2025-11-02 19:19:11,91.88406225585936
63.0,1.43,159.57051464843747,1.57,596.0,4390.0,2025-11-07,3,2.1455385780135594,1223.408713106483,61.43,16.05067844116373,73.1751,56.9,AFRM,zacks_rank1,,2025-11-03 16:16:17,102.67051464843746
80.0,1.93,110.5961501464844,2.11,357.0,1309.0,2025-11-07,3,2.4583822679566767,1819.899481017472,77.89,9.249575899931026,85.8288,21.3,FTNT,validea_top_nasdaq100,,2025-11-03 16:16:18,89.29615014648441
70.0,5.0,124.5609240722656,5.3,605.0,506.0,2025-11-14,10,7.289231192408198,1204.0638737635102,64.7,11.016366387016904,72.71,106.99,ASTS,Shortlist_ruben,,2025-11-03 19:21:16,17.570924072265612
70.0,3.6,145.41042919921873,3.7,325.0,572.0,2025-11-07,3,5.115443107977327,43160.73784647392,66.3,8.336789713811699,72.33,56.6,AFRM,zacks_rank1,,2025-11-03 19:21:16,88.81042919921873
63.0,1.19,142.72489575195314,1.28,791.0,4390.0,2025-11-07,3,1.7696668049218858,745.0833992308064,61.72,14.668878750172818,72.33,56.6,AFRM,zacks_rank1,,2025-11-03 19:21:16,86.12489575195315
80.0,1.7,109.96138769531252,1.74,375.0,1309.0,2025-11-07,3,2.0056480894472943,1020.1599358867346,78.26,9.791942827502726,86.755,21.21,FTNT,validea_top_nasdaq100,,2025-11-03 19:21:17,88.75138769531253
55.0,2.6,102.83251708984378,3.4,2515.0,5587.0,2025-11-21,15,5.737912412454645,288.6999415264125,51.6,12.918741034511855,59.255,44.13,GLOB,Shortlist_ruben,,2025-11-05 16:17:07,58.702517089843774
70.0,5.35,97.851583984375,5.6,154.0,3348.0,2025-11-21,15,7.90869971090878,537.3439161269068,64.4,9.049953324549016,70.8081,56.61,AFRM,zacks_rank1,,2025-11-05 16:17:08,41.241583984375
62.5,2.28,96.14261669921872,2.3,341.0,2329.0,2025-11-21,15,3.248215952694677,117.67515671683692,60.2,14.981478107730602,70.8081,56.61,AFRM,zacks_rank1,,2025-11-05 16:17:08,39.53261669921872
55.0,2.6,101.27002490234376,3.4,2515.0,5587.0,2025-11-21,15,5.668556185395132,282.54320032219823,51.6,13.971323774591523,59.98,43.39,GLOB,Shortlist_ruben,,2025-11-05 19:22:31,57.88002490234376
70.0,3.25,176.66027294921872,3.3,182.0,659.0,2025-11-07,1,4.550726116617184,1133377139.2472196,66.7,8.02017212776784,72.5159,55.39,AFRM,zacks_rank1,,2025-11-05 19:22:31,121.27027294921872
65.0,1.51,174.21887890624998,1.52,401.0,4336.0,2025-11-07,1,2.096092029472157,194135.3821567008,63.48,12.460577611254918,72.5159,55.39,AFRM,zacks_rank1,,2025-11-05 19:22:31,118.82887890624998
80.0,2.15,143.65262548828125,2.22,202.0,1522.0,2025-11-07,1,2.610843231800541,1217595.33555784,77.78,8.52640244619546,85.03,22.12,FTNT,validea_top_nasdaq100,,2025-11-05 19:22:31,121.53262548828124
59.0,2.08,141.35771508789065,2.02,170.0,3858.0,2025-11-14,7,2.9657906327998824,359.03640305379747,56.98,16.34121274409045,68.11,105.04,ASTS,Shortlist_ruben,,2025-11-06 16:17:12,36.31771508789065
65.0,4.85,138.57452587890623,5.05,156.0,702.0,2025-11-14,7,7.607140167206446,4473.8864607563,59.95,9.693454846727423,66.385,106.27,ASTS,Shortlist_ruben,,2025-11-06 19:21:46,32.30452587890623
64.0,4.35,138.96514892578122,4.65,220.0,2087.0,2025-11-14,7,7.004594411388115,3312.9227407318363,59.35,10.597273480454929,66.385,106.27,ASTS,Shortlist_ruben,,2025-11-06 19:21:46,32.695148925781226
62.0,3.45,139.50225561523436,3.7,166.0,1601.0,2025-11-14,7,5.573548241319575,1591.340924172911,58.3,12.178956089478056,66.385,106.27,ASTS,Shortlist_ruben,,2025-11-06 19:21:46,33.232255615234365
65.0,4.35,95.21489160156248,4.45,595.0,2557.0,2025-11-21,14,6.678673270298665,439.539562906186,60.55,9.125018760318174,66.63,58.35,AFRM,zacks_rank1,,2025-11-06 19:21:46,36.86489160156248
60.0,1.92,114.30706909179688,1.97,2065.0,961.0,2025-11-14,7,2.956626144379409,356.91086386531083,58.03,12.90709890439741,66.63,58.35,AFRM,zacks_rank1,,2025-11-06 19:21:46,55.957069091796875
60.0,2.36,95.80082324218748,2.45,163.0,2160.0,2025-11-21,14,3.677022362299265,156.36904523438457,57.55,13.627495122317274,66.63,58.35,AFRM,zacks_rank1,,2025-11-06 19:21:46,37.450823242187475
60.0,2.3,122.2171857910156,2.46,533.0,626.0,2025-11-14,6,3.788112103480136,860.0925025454889,57.54,11.395133969818293,64.94,107.49,ASTS,Shortlist_ruben,,2025-11-07 16:13:55,14.7271857910156
65.0,4.25,139.59991137695314,4.45,360.0,876.0,2025-11-14,6,6.606784945438348,4800.549748349392,60.55,10.103184618810788,67.355,107.46,ASTS,Shortlist_ruben,,2025-11-07 19:21:47,32.13991137695315
64.0,3.8,141.8459938964844,4.07,283.0,2255.0,2025-11-14,6,6.042610051221141,3448.609319637218,59.93,11.023680498849387,67.355,107.46,ASTS,Shortlist_ruben,,2025-11-07 19:21:47,34.38599389648441
68.0,4.8,148.68189721679687,4.84,198.0,1231.0,2025-11-14,5,6.99523052464229,13818.824881898625,63.16,8.715132244544012,69.19,108.18,ASTS,Shortlist_ruben,,2025-11-08 13:40:06,40.50189721679686
66.0,3.8,148.92603662109374,4.25,172.0,2164.0,2025-11-14,5,6.142506142506143,7661.070777884195,61.75,10.752998988293102,69.19,108.18,ASTS,Shortlist_ruben,,2025-11-08 13:40:06,40.74603662109374
65.0,3.35,145.6545686035156,3.62,444.0,876.0,2025-11-14,5,5.231969937852291,4037.920406680188,61.38,11.28775834658187,69.19,108.18,ASTS,Shortlist_ruben,,2025-11-08 13:40:06,37.47456860351559
68.0,4.8,148.68189721679687,4.84,198.0,1231.0,2025-11-14,5,6.99523052464229,13818.824881898625,63.16,8.715132244544012,69.19,108.18,ASTS,Shortlist_ruben,,2025-11-08 16:14:05,40.50189721679686
66.0,3.8,148.92603662109374,4.25,172.0,2164.0,2025-11-14,5,6.142506142506143,7661.070777884195,61.75,10.752998988293102,69.19,108.18,ASTS,Shortlist_ruben,,2025-11-08 16:14:05,40.74603662109374
65.0,3.35,145.6545686035156,3.62,444.0,876.0,2025-11-14,5,5.231969937852291,4037.920406680188,61.38,11.28775834658187,69.19,108.18,ASTS,Shortlist_ruben,,2025-11-08 16:14:05,37.47456860351559
68.0,4.8,148.68189721679687,4.84,198.0,1231.0,2025-11-14,5,6.99523052464229,13818.824881898625,63.16,8.715132244544012,69.19,108.18,ASTS,Shortlist_ruben,,2025-11-08 19:19:45,40.50189721679686
66.0,3.8,148.92603662109374,4.25,172.0,2164.0,2025-11-14,5,6.142506142506143,7661.070777884195,61.75,10.752998988293102,69.19,108.18,ASTS,Shortlist_ruben,,2025-11-08 19:19:45,40.74603662109374
65.0,3.35,145.6545686035156,3.62,444.0,876.0,2025-11-14,5,5.231969937852291,4037.920406680188,61.38,11.28775834658187,69.19,108.18,ASTS,Shortlist_ruben,,2025-11-08 19:19:45,37.47456860351559
68.0,4.8,160.59590014648438,4.84,198.0,1231.0,2025-11-14,4,6.99523052464229,47708.29037050562,63.16,8.715132244544012,69.19,108.18,ASTS,Shortlist_ruben,,2025-11-09 13:40:17,52.415900146484375
66.0,3.8,160.84003955078123,4.25,172.0,2164.0,2025-11-14,4,6.142506142506143,22935.73400483896,61.75,10.752998988293102,69.19,108.18,ASTS,Shortlist_ruben,,2025-11-09 13:40:17,52.66003955078122
65.0,3.35,157.32443212890624,3.62,444.0,876.0,2025-11-14,4,5.231969937852291,10394.884560716891,61.38,11.28775834658187,69.19,108.18,ASTS,Shortlist_ruben,,2025-11-09 13:40:17,49.14443212890623
68.0,4.8,160.59590014648438,4.84,198.0,1231.0,2025-11-14,4,6.99523052464229,47708.29037050562,63.16,8.715132244544012,69.19,108.18,ASTS,Shortlist_ruben,,2025-11-09 16:13:45,52.415900146484375
66.0,3.8,160.84003955078123,4.25,172.0,2164.0,2025-11-14,4,6.142506142506143,22935.73400483896,61.75,10.752998988293102,69.19,108.18,ASTS,Shortlist_ruben,,2025-11-09 16:13:45,52.66003955078122
65.0,3.35,157.32443212890624,3.62,444.0,876.0,2025-11-14,4,5.231969937852291,10394.884560716891,61.38,11.28775834658187,69.19,108.18,ASTS,Shortlist_ruben,,2025-11-09 16:13:45,49.14443212890623
68.0,4.8,160.59590014648438,4.84,198.0,1231.0,2025-11-14,4,6.99523052464229,47708.29037050562,63.16,8.715132244544012,69.19,108.18,ASTS,Shortlist_ruben,,2025-11-09 19:19:37,52.415900146484375
66.0,3.8,160.84003955078123,4.25,172.0,2164.0,2025-11-14,4,6.142506142506143,22935.73400483896,61.75,10.752998988293102,69.19,108.18,ASTS,Shortlist_ruben,,2025-11-09 19:19:37,52.66003955078122
65.0,3.35,157.32443212890624,3.62,444.0,876.0,2025-11-14,4,5.231969937852291,10394.884560716891,61.38,11.28775834658187,69.19,108.18,ASTS,Shortlist_ruben,,2025-11-09 19:19:37,49.14443212890623
64.0,1.99,119.53165234375,2.21,169.0,2300.0,2025-11-14,3,3.278639883689879,4965.380082419085,61.79,8.331602527964879,67.406,108.75,ASTS,Shortlist_ruben,,2025-11-10 16:17:13,10.781652343749997
66.0,2.94,148.34010205078124,3.1,534.0,2233.0,2025-11-14,3,4.456257519934565,20023.005733868315,62.9,9.581097418101898,69.5651,108.18,ASTS,Shortlist_ruben,,2025-11-10 19:22:10,40.160102050781234
65.0,2.56,145.3127734375,2.9,1153.0,917.0,2025-11-14,3,4.168757034777496,14289.984336880536,62.1,10.731099358730168,69.5651,108.18,ASTS,Shortlist_ruben,,2025-11-10 19:22:10,37.13277343749999
60.0,3.7,148.73072509765623,4.2,208.0,682.0,2025-11-21,7,6.597549481621113,2697.817497855799,55.8,12.346842601319509,63.66,42.86,GLOB,Shortlist_ruben,,2025-11-13 16:16:52,105.87072509765623
55.0,2.0,149.5607990722656,2.15,215.0,5664.0,2025-11-21,7,3.377316996544141,465.16347879438456,52.85,16.980835689600998,63.66,42.86,GLOB,Shortlist_ruben,,2025-11-13 16:16:52,106.70079907226561
60.0,3.8,146.14284741210938,4.2,2296.0,682.0,2025-11-21,7,6.596513271556463,2696.399724398563,55.8,12.360609392178429,63.67,42.87,GLOB,Shortlist_ruben,,2025-11-13 19:22:10,103.27284741210937
55.0,1.8,144.62918310546877,2.1,238.0,5664.0,2025-11-21,7,3.2982566357782312,443.061316784436,52.9,16.915344746348364,63.67,42.87,GLOB,Shortlist_ruben,,2025-11-13 19:22:10,101.75918310546876
55.0,1.48,103.6137631835938,1.52,354.0,6192.0,2025-11-21,7,2.499588883407334,262.31152820709826,53.48,12.053938496957748,60.81,92.49,ASTS,Shortlist_ruben,,2025-11-13 19:22:10,11.123763183593809
60.0,2.01,99.9023447265625,2.34,1652.0,6545.0,2025-11-21,6,3.675200251295744,798.5771603193567,57.66,9.43929637191771,63.67,89.76,ASTS,Shortlist_ruben,,2025-11-14 16:16:56,10.142344726562499
55.0,1.23,116.40666796875,1.32,510.0,6821.0,2025-11-21,2,2.2471910112359548,5672.685346226945,53.68,8.61423220973783,58.74,87.87,ASTS,Shortlist_ruben,,2025-11-18 19:22:22,28.536667968749995
50.0,1.56,100.68409033203125,1.85,224.0,1556.0,2025-12-05,16,3.149472250595846,102.8692262025789,48.15,18.02860061287028,58.74,87.87,ASTS,Shortlist_ruben,,2025-11-18 19:22:22,12.814090332031242
50.0,1.6,100.9770576171875,1.58,4070.0,8936.0,2025-11-28,7,2.92890907405691,350.54096172443485,48.42,10.241913059597737,53.945,85.09,ASTS,Shortlist_ruben,,2025-11-20 19:22:54,15.887057617187494
50.0,3.05,101.953615234375,3.5,282.0,1772.0,2025-12-05,13,6.706265568116498,518.7087306442921,46.5,10.902471737880816,52.19,90.69,ASTS,Shortlist_ruben,,2025-11-21 19:22:56,11.263615234374996
50.0,3.05,99.85351708984376,3.22,297.0,1772.0,2025-12-05,12,6.268249951333464,535.4879613128048,46.78,8.935176172863532,51.37,84.22,ASTS,Shortlist_ruben,,2025-11-22 13:39:57,15.633517089843764
50.0,3.05,99.85351708984376,3.22,297.0,1772.0,2025-12-05,12,6.268249951333464,535.4879613128048,46.78,8.935176172863532,51.37,84.22,ASTS,Shortlist_ruben,,2025-11-22 16:14:43,15.633517089843764
50.0,3.05,99.85351708984376,3.22,297.0,1772.0,2025-12-05,12,6.268249951333464,535.4879613128048,46.78,8.935176172863532,51.37,84.22,ASTS,Shortlist_ruben,,2025-11-22 19:20:24,15.633517089843764
50.0,3.05,103.6137631835938,3.22,297.0,1772.0,2025-12-05,11,6.268249951333464,651.8255570707521,46.78,8.935176172863532,51.37,84.22,ASTS,Shortlist_ruben,,2025-11-23 13:39:23,19.393763183593805
50.0,4.95,104.15086987304689,5.0,622.0,2705.0,2025-12-19,25,9.733307377846993,288.0982181524291,45.0,12.400233599377064,51.37,84.22,ASTS,Shortlist_ruben,,2025-11-23 13:39:23,19.930869873046888
50.0,3.05,103.6137631835938,3.22,297.0,1772.0,2025-12-05,11,6.268249951333464,651.8255570707521,46.78,8.935176172863532,51.37,84.22,ASTS,Shortlist_ruben,,2025-11-23 16:14:31,19.393763183593805
50.0,4.95,104.15086987304689,5.0,622.0,2705.0,2025-12-19,25,9.733307377846993,288.0982181524291,45.0,12.400233599377064,51.37,84.22,ASTS,Shortlist_ruben,,2025-11-23 16:14:31,19.930869873046888
50.0,3.05,103.6137631835938,3.22,297.0,1772.0,2025-12-05,11,6.268249951333464,651.8255570707521,46.78,8.935176172863532,51.37,84.22,ASTS,Shortlist_ruben,,2025-11-23 19:21:09,19.393763183593805
50.0,4.95,104.15086987304689,5.0,622.0,2705.0,2025-12-19,25,9.733307377846993,288.0982181524291,45.0,12.400233599377064,51.37,84.22,ASTS,Shortlist_ruben,,2025-11-23 19:21:09,19.930869873046888
50.0,3.55,101.46533642578125,3.8,622.0,2664.0,2025-12-19,24,6.978751538080108,178.97579924087506,46.2,15.153073405447095,54.451,85.34,ASTS,Shortlist_ruben,,2025-11-24 19:20:28,16.125336425781242
45.0,1.9,103.85790258789064,1.96,942.0,1681.0,2025-12-19,24,3.599566582799214,71.2255808415628,43.04,20.95645626342951,54.451,85.34,ASTS,Shortlist_ruben,,2025-11-24 19:20:28,18.51790258789063
55.0,4.3,95.65434033203124,4.49,668.0,3858.0,2025-12-19,19,7.989323843416369,337.7872992179828,50.51,10.124555160142355,56.2,83.81,ASTS,Shortlist_ruben,,2025-11-29 13:42:16,11.844340332031237
55.0,4.3,95.65434033203124,4.49,668.0,3858.0,2025-12-19,19,7.989323843416369,337.7872992179828,50.51,10.124555160142355,56.2,83.81,ASTS,Shortlist_ruben,,2025-11-29 16:15:04,11.844340332031237
55.0,4.3,95.65434033203124,4.49,668.0,3858.0,2025-12-19,19,7.989323843416369,337.7872992179828,50.51,10.124555160142355,56.2,83.81,ASTS,Shortlist_ruben,,2025-11-29 19:21:38,11.844340332031237
55.0,4.3,97.99806689453123,4.49,668.0,3858.0,2025-12-19,18,7.989323843416369,375.2136304884765,50.51,10.124555160142355,56.2,83.81,ASTS,Shortlist_ruben,,2025-11-30 13:41:59,14.188066894531232
55.0,4.3,97.99806689453123,4.49,668.0,3858.0,2025-12-19,18,7.989323843416369,375.2136304884765,50.51,10.124555160142355,56.2,83.81,ASTS,Shortlist_ruben,,2025-11-30 16:15:26,14.188066894531232
55.0,4.3,97.99806689453123,4.49,668.0,3858.0,2025-12-19,18,7.989323843416369,375.2136304884765,50.51,10.124555160142355,56.2,83.81,ASTS,Shortlist_ruben,,2025-11-30 19:22:23,14.188066894531232
50.0,3.1,96.33792724609374,3.18,255.0,2694.0,2025-12-19,17,6.011910388505529,250.25107879754933,46.82,11.48501748747519,52.895,84.92,ASTS,Shortlist_ruben,,2025-12-01 16:19:15,11.41792724609374
50.0,2.02,98.19337744140626,2.18,189.0,2935.0,2025-12-19,16,3.874178070019549,138.00146637711833,47.82,15.01688288608495,56.27,87.82,ASTS,Shortlist_ruben,,2025-12-02 16:19:14,10.373377441406262
47.0,1.21,99.023447265625,1.35,159.0,563.0,2025-12-19,16,2.399146969966234,71.74544541415808,45.65,18.87328949706772,56.27,87.82,ASTS,Shortlist_ruben,,2025-12-02 16:19:14,11.203447265625002
50.0,2.25,99.023447265625,2.28,536.0,2935.0,2025-12-19,16,4.08749388220488,149.40460654267818,47.72,14.449470149641716,55.7799,87.15,ASTS,Shortlist_ruben,,2025-12-02 19:25:49,11.87344726562499
50.0,1.3,96.19144433593748,1.35,467.0,3193.0,2025-12-19,15,2.286542764277766,73.34720005265176,48.65,17.599773716953106,59.0411,85.85,ASTS,Shortlist_ruben,,2025-12-03 19:25:09,10.341444335937481
60.0,2.41,115.13714306640624,2.45,188.0,3911.0,2025-12-19,14,3.504505793162638,145.4760779571997,57.55,17.679874123873553,69.91,96.89,ASTS,Shortlist_ruben,,2025-12-04 16:19:33,18.247143066406238
55.0,1.2,117.28556982421874,1.31,417.0,4440.0,2025-12-19,14,1.873837791446145,62.25767633974881,53.69,23.20125876126448,69.91,96.89,ASTS,Shortlist_ruben,,2025-12-04 16:19:33,20.39556982421874
70.0,5.6,112.40278173828123,6.15,328.0,1177.0,2025-12-19,14,8.571428571428571,753.4055635627553,63.85,11.010452961672472,71.75,100.27,ASTS,Shortlist_ruben,,2025-12-04 19:25:02,12.132781738281238
65.0,2.3,113.62347875976565,2.43,307.0,1232.0,2025-12-19,11,3.2873376623376624,192.4878028280355,62.57,15.35443722943723,73.92,101.86,ASTS,Shortlist_ruben,,2025-12-07 13:41:10,11.763478759765647
65.0,2.3,113.62347875976565,2.43,307.0,1232.0,2025-12-19,11,3.2873376623376624,192.4878028280355,62.57,15.35443722943723,73.92,101.86,ASTS,Shortlist_ruben,,2025-12-07 16:15:03,11.763478759765647
65.0,2.3,113.62347875976565,2.43,307.0,1232.0,2025-12-19,11,3.2873376623376624,192.4878028280355,62.57,15.35443722943723,73.92,101.86,ASTS,Shortlist_ruben,,2025-12-07 19:21:37,11.763478759765647
67.0,1.32,111.62153564453124,1.35,265.0,530.0,2025-12-12,3,1.8543956043956045,835.1316430148621,65.65,9.82142857142856,72.8,99.32,ASTS,Shortlist_ruben,,2025-12-08 19:25:31,12.301535644531242
73.0,1.48,134.96126269531248,1.4,675.0,748.0,2025-12-12,1,1.7819549063582698,62972.14922176843,71.6,8.865734789105641,78.5654,101.43,ASTS,Shortlist_ruben,,2025-12-10 19:25:19,33.53126269531248
75.0,4.7,128.36949877929683,5.17,266.0,3330.0,2025-12-19,8,6.580504904194467,1731.4640849600796,69.83,11.118634920715731,78.5654,101.43,ASTS,Shortlist_ruben,,2025-12-10 19:25:19,26.939498779296827
70.0,1.56,122.07070214843748,1.58,1230.0,2177.0,2025-12-19,7,1.9371695011052903,171.94684460889448,68.42,16.113204262263316,81.5623,101.43,ASTS,Shortlist_ruben,,2025-12-11 16:20:20,20.64070214843747
80.0,4.35,112.25629809570314,4.35,625.0,1030.0,2025-12-19,7,5.253623188405797,1343.7884541403007,75.65,8.635265700483082,82.8,101.9,ASTS,Shortlist_ruben,,2025-12-11 19:26:35,10.356298095703139
70.0,4.95,76.88011401367189,5.45,406.0,1711.0,2026-02-20,25,7.629847403051938,192.5619070223692,64.55,9.631807363852737,71.43,60.75,AFRM,zacks_rank1,,2026-01-25 13:49:14,16.130114013671886
70.0,4.95,76.88011401367189,5.45,406.0,1711.0,2026-02-20,25,7.629847403051938,192.5619070223692,64.55,9.631807363852737,71.43,60.75,AFRM,zacks_rank1,,2026-01-25 16:16:21,16.130114013671886
70.0,4.95,76.88011401367189,5.45,406.0,1711.0,2026-02-20,25,7.629847403051938,192.5619070223692,64.55,9.631807363852737,71.43,60.75,AFRM,zacks_rank1,,2026-01-25 19:23:31,16.130114013671886
65.0,3.55,79.44356494140624,3.68,167.0,2238.0,2026-02-20,23,5.32831390718888,127.91947909434688,61.32,11.214073698689637,69.065,60.86,AFRM,zacks_rank1,,2026-01-27 16:21:25,18.583564941406237
65.0,3.75,79.883013671875,3.82,170.0,2238.0,2026-02-20,23,5.558384867224445,135.94974614075932,61.18,10.97853765005456,68.725,60.84,AFRM,zacks_rank1,,2026-01-27 19:33:56,19.043013671875002
120.0,4.75,55.56685058593751,5.0,265.0,685.0,2026-02-20,23,3.999680025597952,86.33330373599837,115.0,8.007359411247105,125.01,34.47,NEM,zacks_rank1,,2026-01-27 19:33:56,21.09685058593751
120.0,3.45,59.81485498046876,3.55,356.0,761.0,2026-02-20,22,2.724586515215473,56.20284490267351,116.45,10.625887409340333,130.295,34.45,NEM,zacks_rank1,,2026-01-28 16:26:38,25.364854980468756
65.0,4.7,78.95528857421876,5.02,455.0,2396.0,2026-02-20,22,7.653605732581185,239.92512734941212,59.98,8.553133099557858,65.59,62.1,AFRM,zacks_rank1,,2026-01-28 19:37:04,16.855288574218754
55.0,2.1,88.67198828125,2.2,260.0,2046.0,2026-02-20,21,3.502348165247155,81.90672814516469,52.8,15.943644034068296,62.815,53.28,AFRM,zacks_rank1,,2026-01-29 16:33:26,35.39198828124999
120.0,5.4,65.820654296875,5.57,362.0,1295.0,2026-02-20,21,4.430832869302363,112.45231222816892,114.43,8.973033171585385,125.71,38.41,NEM,zacks_rank1,,2026-01-29 16:33:26,27.41065429687501
75.0,2.41,59.61954443359375,2.45,188.0,2454.0,2026-02-20,21,3.054291591348252,68.69451162161727,72.55,9.555569407218108,80.215,28.65,FTNT,validea_top_nasdaq100,,2026-01-29 16:33:26,30.969544433593754
60.0,3.05,104.49266503906252,3.5,1075.0,575.0,2026-02-06,7,5.692908262849707,1693.9867313276657,56.5,8.10019518542615,61.48,54.88,AFRM,zacks_rank1,,2026-01-29 19:35:28,49.61266503906251
55.0,2.03,82.226740234375,2.2,375.0,2046.0,2026-02-20,21,3.578399479505531,84.24392072139244,52.8,14.118412491867277,61.48,54.88,AFRM,zacks_rank1,,2026-01-29 19:35:28,27.346740234374998
120.0,4.55,59.63175134277344,4.55,1391.0,1295.0,2026-02-20,21,3.6174272539354426,85.4542739569385,115.45,8.212752424868818,125.78,38.34,NEM,zacks_rank1,,2026-01-29 19:35:28,21.291751342773438
75.0,2.11,58.44768115234375,2.33,191.0,2454.0,2026-02-20,21,2.885091629519564,63.94467781203292,72.67,10.017335314512138,80.76,28.25,FTNT,validea_top_nasdaq100,,2026-01-29 19:35:28,30.197681152343748
60.0,4.65,86.132951171875,4.82,180.0,1362.0,2026-02-20,19,7.993366500829188,338.10224556834123,55.18,8.490878938640128,60.3,54.18,AFRM,zacks_rank1,,2026-01-31 13:56:41,31.952951171875007
105.0,3.55,66.30893066406252,3.9,209.0,1940.0,2026-02-20,19,3.471295060080107,92.61840711459826,101.1,10.013351134846465,112.35,53.54,NEM,zacks_rank1,,2026-01-31 13:56:41,12.768930664062516
74.0,1.23,90.3321279296875,1.25,837.0,569.0,2026-02-06,5,1.5382722126507506,204.77065338293775,72.75,10.472557223726316,81.26,25.45,FTNT,validea_top_nasdaq100,,2026-01-31 13:56:41,64.8821279296875
60.0,4.65,86.132951171875,4.82,180.0,1362.0,2026-02-20,19,7.993366500829188,338.10224556834123,55.18,8.490878938640128,60.3,54.18,AFRM,zacks_rank1,,2026-01-31 16:18:45,31.952951171875007
105.0,3.55,66.30893066406252,3.9,209.0,1940.0,2026-02-20,19,3.471295060080107,92.61840711459826,101.1,10.013351134846465,112.35,53.54,NEM,zacks_rank1,,2026-01-31 16:18:45,12.768930664062516
74.0,1.23,90.3321279296875,1.25,837.0,569.0,2026-02-06,5,1.5382722126507506,204.77065338293775,72.75,10.472557223726316,81.26,25.45,FTNT,validea_top_nasdaq100,,2026-01-31 16:18:45,64.8821279296875
60.0,4.65,86.132951171875,4.82,180.0,1362.0,2026-02-20,19,7.993366500829188,338.10224556834123,55.18,8.490878938640128,60.3,54.18,AFRM,zacks_rank1,,2026-01-31 19:27:40,31.952951171875007
105.0,3.55,66.30893066406252,3.9,209.0,1940.0,2026-02-20,19,3.471295060080107,92.61840711459826,101.1,10.013351134846465,112.35,53.54,NEM,zacks_rank1,,2026-01-31 19:27:40,12.768930664062516
74.0,1.23,90.3321279296875,1.25,837.0,569.0,2026-02-06,5,1.5382722126507506,204.77065338293775,72.75,10.472557223726316,81.26,25.45,FTNT,validea_top_nasdaq100,,2026-01-31 19:27:40,64.8821279296875
60.0,4.65,88.25695336914062,4.82,180.0,1362.0,2026-02-20,18,7.993366500829188,375.5745015719773,55.18,8.490878938640128,60.3,54.18,AFRM,zacks_rank1,,2026-02-01 13:58:04,34.07695336914062
105.0,3.55,67.94465649414063,3.9,209.0,1940.0,2026-02-20,18,3.471295060080107,99.76266848387075,101.1,10.013351134846465,112.35,53.54,NEM,zacks_rank1,,2026-02-01 13:58:04,14.404656494140632
74.0,1.23,97.55861816406252,1.25,837.0,569.0,2026-02-06,4,1.5382722126507506,302.6859088380396,72.75,10.472557223726316,81.26,25.45,FTNT,validea_top_nasdaq100,,2026-02-01 13:58:04,72.10861816406252
60.0,4.65,88.25695336914062,4.82,180.0,1362.0,2026-02-20,18,7.993366500829188,375.5745015719773,55.18,8.490878938640128,60.3,54.18,AFRM,zacks_rank1,,2026-02-01 16:19:11,34.07695336914062
105.0,3.55,67.94465649414063,3.9,209.0,1940.0,2026-02-20,18,3.471295060080107,99.76266848387075,101.1,10.013351134846465,112.35,53.54,NEM,zacks_rank1,,2026-02-01 16:19:11,14.404656494140632
74.0,1.23,97.55861816406252,1.25,837.0,569.0,2026-02-06,4,1.5382722126507506,302.6859088380396,72.75,10.472557223726316,81.26,25.45,FTNT,validea_top_nasdaq100,,2026-02-01 16:19:11,72.10861816406252
60.0,4.65,88.25695336914062,4.82,180.0,1362.0,2026-02-20,18,7.993366500829188,375.5745015719773,55.18,8.490878938640128,60.3,54.18,AFRM,zacks_rank1,,2026-02-01 19:31:35,34.07695336914062
105.0,3.55,67.94465649414063,3.9,209.0,1940.0,2026-02-20,18,3.471295060080107,99.76266848387075,101.1,10.013351134846465,112.35,53.54,NEM,zacks_rank1,,2026-02-01 19:31:35,14.404656494140632
74.0,1.23,97.55861816406252,1.25,837.0,569.0,2026-02-06,4,1.5382722126507506,302.6859088380396,72.75,10.472557223726316,81.26,25.45,FTNT,validea_top_nasdaq100,,2026-02-01 19:31:35,72.10861816406252
55.0,1.36,142.48075634765624,1.43,167.0,581.0,2026-02-06,3,2.315039663266958,1519.209444341477,53.57,13.275052614537804,61.77,51.38,AFRM,zacks_rank1,,2026-02-02 16:28:57,91.10075634765624
55.0,1.96,93.2617861328125,2.25,151.0,2364.0,2026-02-20,16,3.66330185607294,127.2198003088606,52.75,14.115923152067731,61.42,51.56,AFRM,zacks_rank1,,2026-02-03 16:42:39,41.7017861328125
60.0,4.65,93.31061376953124,4.8,300.0,1487.0,2026-02-20,16,7.948335817188276,472.4517561707163,55.2,8.594138102334819,60.39,51.85,AFRM,zacks_rank1,,2026-02-03 19:48:46,41.46061376953124
106.0,2.45,66.69955175781253,2.7,261.0,541.0,2026-02-20,16,2.31620485545166,68.5998347952712,103.3,11.383717937719824,116.57,53.98,NEM,zacks_rank1,,2026-02-03 19:48:46,12.719551757812532
95.0,2.85,162.01190869140623,3.01,2077.0,1464.0,2026-02-06,1,2.963035881281685,4252836.065784117,91.99,9.445292119899593,101.585,127.1,ASTS,Shortlist_ruben,,2026-02-04 19:41:41,34.91190869140624
94.0,2.52,165.234548828125,2.42,153.0,564.0,2026-02-06,1,2.382241472658365,539399.6816531214,91.58,9.848895014027658,101.585,127.1,ASTS,Shortlist_ruben,,2026-02-04 19:41:41,38.13454882812502
57.0,2.6,195.80080224609372,2.63,161.0,1172.0,2026-02-06,1,4.343517753922378,549411776.0568264,54.37,10.206440957886045,60.55,50.34,AFRM,zacks_rank1,,2026-02-04 19:41:41,145.46080224609372
56.0,2.16,200.09815600585932,2.23,204.0,510.0,2026-02-06,1,3.682906688687036,54089630.55178107,53.77,11.197357555739048,60.55,50.34,AFRM,zacks_rank1,,2026-02-04 19:41:41,149.75815600585932
55.0,1.82,193.94534277343752,2.02,156.0,1659.0,2026-02-06,1,3.336085879438481,15921354.385253398,52.98,12.50206440957886,60.55,50.34,AFRM,zacks_rank1,,2026-02-04 19:41:41,143.6053427734375
107.0,1.63,69.87334814453125,1.86,201.0,1993.0,2026-02-13,8,1.603448275862069,106.63216147585204,105.14,9.36206896551724,116.0,53.61,NEM,zacks_rank1,,2026-02-04 19:41:41,16.26334814453125
90.0,4.65,140.72295263671876,4.78,517.0,960.0,2026-02-13,7,4.861923409449219,1088.6993144630233,85.22,13.319432436555967,98.315,126.49,ASTS,Shortlist_ruben,,2026-02-05 16:38:12,14.232952636718764
57.5,4.1,104.59032080078129,4.35,495.0,821.0,2026-02-20,14,7.338056680161942,533.5685774137984,53.15,10.340755735492582,59.28,51.08,AFRM,zacks_rank1,,2026-02-05 16:38:13,53.51032080078129
55.0,3.15,107.27585424804688,3.18,318.0,2359.0,2026-02-20,14,5.364372469635628,290.53448826285614,51.82,12.584345479082325,59.28,51.08,AFRM,zacks_rank1,,2026-02-05 16:38:13,56.195854248046885
57.5,4.1,101.953615234375,4.25,537.0,821.0,2026-02-20,14,7.185122569737954,510.4494359480148,53.25,9.974640743871513,59.15,51.23,AFRM,zacks_rank1,,2026-02-05 19:41:16,50.723615234374996
55.0,3.0,102.97900073242188,3.06,372.0,2359.0,2026-02-20,14,5.173288250211328,272.4829833057794,51.94,12.189349112426036,59.15,51.23,AFRM,zacks_rank1,,2026-02-05 19:41:16,51.749000732421884
70.0,1.32,75.53735400390626,1.42,1180.0,3184.0,2026-02-20,14,1.7869502296608568,58.68800142295936,68.58,13.69785440130876,79.465,27.14,FTNT,validea_top_nasdaq100,,2026-02-05 19:41:16,48.39735400390626
100.0,7.3,145.77663830566405,8.0,180.0,875.0,2026-02-13,6,7.83123684596936,9716.628515106291,92.0,9.940776271352355,102.155,128.59,ASTS,Shortlist_ruben,,2026-02-06 16:34:43,17.186638305664047
90.0,3.1,138.76983740234374,3.2,201.0,1040.0,2026-02-13,6,3.132494738387744,552.9716627410065,86.8,15.031080221232443,102.155,128.59,ASTS,Shortlist_ruben,,2026-02-06 16:34:43,10.179837402343736
110.0,1.14,70.50810742187501,1.38,360.0,4772.0,2026-02-20,7,1.1383320960158376,80.43600101584094,108.62,10.401715746927326,121.23,59.42,NEM,zacks_rank1,,2026-02-12 19:52:15,11.088107421875009
115.0,1.1,77.8322529296875,1.1,227.0,2566.0,2026-02-20,4,0.8744038155802863,121.31686765494165,113.9,9.459459459459453,125.8,63.48,NEM,zacks_rank1,,2026-02-15 13:59:38,14.352252929687502
115.0,1.1,77.8322529296875,1.1,227.0,2566.0,2026-02-20,4,0.8744038155802863,121.31686765494165,113.9,9.459459459459453,125.8,63.48,NEM,zacks_rank1,,2026-02-15 16:19:49,14.352252929687502
115.0,1.1,77.8322529296875,1.1,227.0,2566.0,2026-02-20,4,0.8744038155802863,121.31686765494165,113.9,9.459459459459453,125.8,63.48,NEM,zacks_rank1,,2026-02-15 19:34:14,14.352252929687502
115.0,1.1,85.25405371093751,1.1,227.0,2566.0,2026-02-20,3,0.8744038155802863,188.4160025527633,113.9,9.459459459459453,125.8,63.48,NEM,zacks_rank1,,2026-02-16 14:15:23,21.774053710937515
115.0,1.1,85.25405371093751,1.1,227.0,2566.0,2026-02-20,3,0.8744038155802863,188.4160025527633,113.9,9.459459459459453,125.8,63.48,NEM,zacks_rank1,,2026-02-16 16:34:10,21.774053710937515
115.0,1.1,85.25405371093751,1.1,227.0,2566.0,2026-02-20,3,0.8744038155802863,188.4160025527633,113.9,9.459459459459453,125.8,63.48,NEM,zacks_rank1,,2026-02-16 19:37:41,21.774053710937515
80.0,3.25,132.27572924804684,3.5,349.0,1546.0,2026-02-27,3,4.183100274889447,14533.067243758478,76.5,8.56937970598781,83.67,119.02,ASTS,Shortlist_ruben,,2026-02-23 16:45:12,13.255729248046848
75.0,1.62,131.25034374999998,1.75,438.0,1459.0,2026-02-27,3,2.0915501374447234,1140.9628185308743,73.25,12.45368710409944,83.67,119.02,ASTS,Shortlist_ruben,,2026-02-23 16:45:12,12.230343749999989
47.5,3.4,77.58811474609377,3.45,1341.0,3798.0,2026-03-20,24,7.129498558601378,185.01462027035723,44.05,8.969735795249079,48.3905,59.12,AFRM,zacks_rank1,,2026-02-23 16:45:14,18.468114746093768
45.0,2.42,79.54122021484375,2.22,244.0,1320.0,2026-03-20,24,4.587677333360888,97.81818677222486,42.78,11.594217873342911,48.3905,59.12,AFRM,zacks_rank1,,2026-02-23 16:45:14,20.42122021484375
45.0,2.54,73.58424853515625,2.65,380.0,1320.0,2026-03-20,24,5.625132668223308,129.8584774752797,42.35,10.104011887072804,47.11,61.09,AFRM,zacks_rank1,,2026-02-23 20:00:24,12.494248535156245
70.0,2.37,140.8206083984375,2.5,425.0,1055.0,2026-03-06,9,2.983293556085919,229.4304483502925,67.5,19.45107398568019,83.8,119.07,ASTS,Shortlist_ruben,,2026-02-24 16:57:12,21.75060839843752
70.0,2.36,143.84793701171876,2.5,440.0,1055.0,2026-03-06,9,2.9474180617778827,224.80817012877736,67.5,20.419712331997165,84.82,119.16,ASTS,Shortlist_ruben,,2026-02-24 19:51:12,24.68793701171876
80.0,5.1,135.59602514648438,5.2,251.0,874.0,2026-03-06,8,6.150570701993021,1423.0230021261748,74.8,11.52640605594654,84.545,118.24,ASTS,Shortlist_ruben,,2026-02-25 19:52:30,17.356025146484384
80.0,4.2,131.1526879882812,4.39,232.0,1606.0,2026-03-06,7,5.145932310476718,1268.743191495349,75.61,11.370400456686848,85.3101,118.95,ASTS,Shortlist_ruben,,2026-02-26 16:47:43,12.202687988281198
80.0,4.75,141.6506823730469,4.97,362.0,1606.0,2026-03-06,7,5.829912023460411,1819.349729296362,75.03,11.988269794721408,85.25,118.93,ASTS,Shortlist_ruben,,2026-02-26 19:47:51,22.720682373046884
75.0,3.0,141.2112314453125,3.17,169.0,567.0,2026-03-06,7,3.718475073313783,571.0943021310494,71.83,15.74193548387097,85.25,118.93,ASTS,Shortlist_ruben,,2026-02-26 19:47:51,22.2812314453125
75.0,3.85,130.56675341796873,3.9,712.0,638.0,2026-03-06,6,4.902848177649047,1738.9059425462035,71.1,10.617306299782763,79.5456,119.21,ASTS,Shortlist_ruben,,2026-02-27 16:31:45,11.356753417968733
70.0,2.22,133.30111474609373,2.28,1054.0,1713.0,2026-03-06,6,2.866280473087135,457.968551979855,67.72,14.8664413870786,79.5456,119.21,ASTS,Shortlist_ruben,,2026-02-27 16:31:45,14.091114746093737
65.0,1.24,139.64873925781248,1.28,158.0,687.0,2026-03-06,6,1.6091399147155847,164.0850562736997,63.72,19.895003620564804,79.5456,119.21,ASTS,Shortlist_ruben,,2026-02-27 16:31:45,20.438739257812486
75.0,4.5,139.30694409179685,4.65,1745.0,638.0,2026-03-06,6,5.922435203464307,3212.0791541218514,70.35,10.399286760491634,78.515,119.93,ASTS,Shortlist_ruben,,2026-02-27 19:39:08,19.376944091796844
70.0,2.75,141.2112314453125,2.79,2929.0,1713.0,2026-03-06,6,3.553461122078584,736.5931999003,67.21,14.39852257530409,78.515,119.93,ASTS,Shortlist_ruben,,2026-02-27 19:39:08,21.2812314453125
75.0,4.2,145.1174619140625,4.37,2202.0,638.0,2026-03-06,5,5.518373532011617,4946.037213419853,70.63,10.809445637075392,79.19,119.45,ASTS,Shortlist_ruben,,2026-02-28 13:52:51,25.667461914062486
70.0,2.51,148.047134765625,2.55,3274.0,1713.0,2026-03-06,5,3.2201035484278315,911.097880331048,67.45,14.825104179820675,79.19,119.45,ASTS,Shortlist_ruben,,2026-02-28 13:52:51,28.597134765625
75.0,4.2,145.1174619140625,4.37,2202.0,638.0,2026-03-06,5,5.518373532011617,4946.037213419853,70.63,10.809445637075392,79.19,119.45,ASTS,Shortlist_ruben,,2026-02-28 16:17:38,25.667461914062486
70.0,2.51,148.047134765625,2.55,3274.0,1713.0,2026-03-06,5,3.2201035484278315,911.097880331048,67.45,14.825104179820675,79.19,119.45,ASTS,Shortlist_ruben,,2026-02-28 16:17:38,28.597134765625
75.0,4.2,145.1174619140625,4.37,2202.0,638.0,2026-03-06,5,5.518373532011617,4946.037213419853,70.63,10.809445637075392,79.19,119.45,ASTS,Shortlist_ruben,,2026-02-28 19:27:23,25.667461914062486
70.0,2.51,148.047134765625,2.55,3274.0,1713.0,2026-03-06,5,3.2201035484278315,911.097880331048,67.45,14.825104179820675,79.19,119.45,ASTS,Shortlist_ruben,,2026-02-28 19:27:23,28.597134765625
75.0,4.2,156.78732543945313,4.37,2202.0,638.0,2026-03-06,4,5.518373532011617,13348.940161376977,70.63,10.809445637075392,79.19,119.45,ASTS,Shortlist_ruben,,2026-03-01 13:54:31,37.337325439453124
70.0,2.51,159.86348193359373,2.55,3274.0,1713.0,2026-03-06,4,3.2201035484278315,1702.9824522435622,67.45,14.825104179820675,79.19,119.45,ASTS,Shortlist_ruben,,2026-03-01 13:54:31,40.41348193359373
75.0,4.2,156.78732543945313,4.37,2202.0,638.0,2026-03-06,4,5.518373532011617,13348.940161376977,70.63,10.809445637075392,79.19,119.45,ASTS,Shortlist_ruben,,2026-03-01 16:18:34,37.337325439453124
70.0,2.51,159.86348193359373,2.55,3274.0,1713.0,2026-03-06,4,3.2201035484278315,1702.9824522435622,67.45,14.825104179820675,79.19,119.45,ASTS,Shortlist_ruben,,2026-03-01 16:18:34,40.41348193359373
